[{"word": "Coca-", "bbox": ["197,172", "372,154", "383,256", "208,274"]}, {"word": "REFRESCO", "bbox": ["196,284", "297,282", "297,302", "196,304"]}, {"word": "COM", "bbox": ["327,272", "355,260", "364,280", "336,292"]}, {"word": "2002", "bbox": ["80,273", "79,246", "89,246", "90,273"]}, {"word": "THE", "bbox": ["79,244", "78,226", "88,226", "89,244"]}, {"word": "C", "bbox": ["79,223", "79,218", "88,218", "88,223"]}, {"word": "OPARA", "bbox": ["77,198", "75,164", "85,164", "87,198"]}, {"word": "HECHO", "bbox": ["89,248", "91,218", "103,219", "101,249"]}, {"word": "EN", "bbox": ["92,212", "93,202", "104,203", "103,213"]}, {"word": "MEXICO", "bbox": ["92,196", "94,156", "106,157", "104,197"]}, {"word": "NO", "bbox": ["143,299", "144,276", "161,277", "160,300"]}, {"word": "RETORNABLE", "bbox": ["144,268", "152,137", "171,138", "163,269"]}]