[{"word": "D", "bbox": ["183,162", "238,161", "239,207", "184,208"]}, {"word": "Re", "bbox": ["250,160", "297,159", "298,203", "251,204"]}, {"word": "NCA", "bbox": ["225,209", "306,206", "307,240", "226,243"]}, {"word": "by", "bbox": ["180,250", "213,250", "213,281", "180,281"]}, {"word": "JusticE", "bbox": ["216,249", "272,248", "272,280", "216,281"]}, {"word": "and", "bbox": ["214,279", "238,278", "238,287", "214,288"]}, {"word": "So-me", "bbox": ["244,277", "288,275", "288,285", "245,287"]}, {"word": "Coke", "bbox": ["207,406", "287,407", "286,450", "206,449"]}]