[{"word": "HENRI", "bbox": ["251,133", "301,135", "300,156", "250,154"]}, {"word": "LA", "bbox": ["310,139", "334,140", "333,157", "309,156"]}, {"word": "FONTAINE", "bbox": ["342,136", "435,141", "434,163", "341,158"]}, {"word": "GRAND", "bbox": ["254,165", "293,167", "292,179", "253,177"]}, {"word": "VIN", "bbox": ["299,171", "320,172", "320,181", "299,180"]}, {"word": "DE", "bbox": ["327,173", "343,174", "343,182", "327,181"]}, {"word": "BOURGOGNE", "bbox": ["349,170", "429,174", "428,186", "348,182"]}, {"word": "Chablis", "bbox": ["256,189", "423,201", "418,262", "252,251"]}, {"word": "APPELLATION", "bbox": ["254,264", "314,274", "313,283", "252,274"]}, {"word": "CHABLIS", "bbox": ["327,274", "364,275", "364,286", "327,285"]}, {"word": "CONTR\u00d3L\u00c9E", "bbox": ["372,275", "430,274", "430,285", "372,286"]}]