[{"word": "1999", "bbox": ["709,411", "770,410", "770,429", "709,430"]}, {"word": "Chablis", "bbox": ["654,736", "742,735", "742,767", "654,768"]}, {"word": "Grand", "bbox": ["754,737", "823,736", "823,763", "754,764"]}, {"word": "Cm", "bbox": ["831,733", "859,733", "859,769", "831,769"]}, {"word": "\"Les", "bbox": ["708,776", "753,776", "753,793", "708,793"]}, {"word": "Clos\"", "bbox": ["767,776", "819,776", "819,794", "767,794"]}, {"word": "APPLLATION", "bbox": ["692,806", "732,805", "732,814", "692,815"]}, {"word": "CHALIS", "bbox": ["735,808", "761,808", "761,814", "735,814"]}, {"word": "ORAND", "bbox": ["765,808", "787,808", "787,814", "765,814"]}, {"word": "CRU", "bbox": ["790,806", "802,806", "802,815", "790,815"]}, {"word": "CONTOE", "bbox": ["804,805", "840,805", "840,815", "804,815"]}, {"word": "Mise", "bbox": ["722,833", "745,833", "745,843", "722,843"]}, {"word": "a", "bbox": ["750,836", "755,836", "755,841", "750,841"]}, {"word": "la", "bbox": ["761,834", "769,834", "769,841", "761,841"]}, {"word": "Propri", "bbox": ["774,832", "816,832", "816,844", "774,844"]}, {"word": "Nl", "bbox": ["641,852", "661,852", "661,862", "641,862"]}, {"word": "DAUVISSAT,", "bbox": ["671,852", "705,852", "705,862", "671,862"]}, {"word": "PROPRIETAIRES", "bbox": ["708,855", "765,855", "765,863", "708,863"]}, {"word": "A", "bbox": ["769,855", "772,855", "772,862", "769,862"]}, {"word": "CHABLIS", "bbox": ["776,854", "806,854", "806,862", "776,862"]}, {"word": "(TONNE", "bbox": ["808,853", "831,853", "831,863", "808,863"]}, {"word": "FRANT", "bbox": ["835,853", "855,853", "855,864", "835,864"]}, {"word": "UNAD", "bbox": ["822,868", "847,867", "847,878", "822,879"]}]