[{"word": "CLOS", "bbox": ["156,121", "204,121", "204,151", "156,151"]}, {"word": "MIRABEL", "bbox": ["215,118", "308,119", "308,153", "215,152"]}, {"word": "007", "bbox": ["124,216", "141,216", "141,229", "124,229"]}, {"word": "2007", "bbox": ["331,217", "347,217", "347,227", "331,227"]}, {"word": "JURAN\u00c7ON", "bbox": ["163,269", "303,270", "303,294", "163,293"]}, {"word": "APPELLATION", "bbox": ["162,295", "210,295", "210,303", "162,303"]}, {"word": "JURANON", "bbox": ["213,295", "256,295", "256,303", "213,303"]}, {"word": "CONTROL\u00c9E", "bbox": ["266,296", "303,296", "303,303", "266,303"]}, {"word": "MIS", "bbox": ["140,312", "158,312", "158,324", "140,324"]}, {"word": "EN", "bbox": ["160,312", "171,312", "171,324", "160,324"]}, {"word": "BOUTEILISA", "bbox": ["176,311", "249,311", "249,324", "176,324"]}, {"word": "LA", "bbox": ["253,313", "266,313", "266,323", "253,323"]}, {"word": "PROPRI\u00c9T\u00c9", "bbox": ["270,311", "326,311", "326,323", "270,323"]}, {"word": "Prodwit", "bbox": ["204,335", "226,335", "226,342", "204,342"]}, {"word": "de", "bbox": ["229,335", "236,335", "236,342", "229,342"]}, {"word": "France", "bbox": ["239,336", "261,336", "261,341", "239,341"]}]