[{"word": "http://a-wine.jp/", "bbox": ["8,0", "491,0", "491,79", "8,79"]}, {"word": "AM", "bbox": ["355,58", "364,57", "364,62", "355,63"]}, {"word": "FEVE", "bbox": ["370,57", "379,56", "379,61", "370,62"]}, {"word": "LATION", "bbox": ["148,134", "197,116", "200,125", "151,143"]}, {"word": "CHABLIS", "bbox": ["205,113", "259,111", "259,122", "205,124"]}, {"word": "CONTROL", "bbox": ["271,111", "334,126", "332,136", "269,122"]}, {"word": "LIAM", "bbox": ["98,172", "234,156", "239,202", "103,218"]}, {"word": "FE", "bbox": ["260,154", "318,147", "323,192", "265,199"]}, {"word": "2004", "bbox": ["154,201", "245,195", "246,219", "155,225"]}, {"word": "Chablis", "bbox": ["349,214", "395,215", "394,239", "348,238"]}, {"word": "NAETE", "bbox": ["88,272", "131,252", "135,261", "92,281"]}, {"word": "ELEVE", "bbox": ["137,251", "166,244", "168,253", "139,260"]}, {"word": "ET", "bbox": ["173,243", "185,242", "186,251", "174,252"]}, {"word": "MIS", "bbox": ["195,241", "212,242", "212,251", "195,250"]}, {"word": "EN", "bbox": ["220,242", "236,243", "235,252", "219,251"]}, {"word": "BOUTEILLE", "bbox": ["247,244", "313,262", "310,272", "244,255"]}, {"word": "PA", "bbox": ["320,267", "328,270", "326,278", "317,275"]}, {"word": "WILLIAM", "bbox": ["133,256", "190,253", "191,264", "134,267"]}, {"word": "FEVRE", "bbox": ["196,253", "240,251", "241,264", "197,266"]}, {"word": "CHABLIS", "bbox": ["130,272", "173,265", "175,275", "132,282"]}, {"word": "-", "bbox": ["180,265", "180,265", "181,274", "181,274"]}, {"word": "FRANCE", "bbox": ["194,264", "240,267", "239,277", "193,274"]}, {"word": "ILLIAM", "bbox": ["331,250", "372,250", "372,266", "331,266"]}, {"word": "FEVRE", "bbox": ["381,250", "410,250", "410,266", "381,266"]}, {"word": "2004", "bbox": ["359,270", "379,270", "379,277", "359,277"]}, {"word": "DE", "bbox": ["85,315", "125,302", "128,310", "88,324"]}, {"word": "FRANCE", "bbox": ["131,300", "163,295", "164,304", "132,309"]}, {"word": "PRODUCT", "bbox": ["180,294", "228,298", "227,307", "179,303"]}, {"word": "OF", "bbox": ["246,302", "253,303", "251,311", "244,310"]}, {"word": "FRANCE", "bbox": ["260,305", "300,316", "298,325", "258,314"]}]