[{"word": "CHAT", "bbox": ["223,112", "236,112", "236,121", "223,121"]}, {"word": "AU", "bbox": ["192,239", "202,239", "202,247", "192,247"]}, {"word": "DOIE", "bbox": ["206,237", "230,238", "230,248", "206,247"]}, {"word": "VEDRI", "bbox": ["240,239", "266,240", "266,251", "240,250"]}, {"word": "2005", "bbox": ["212,275", "233,275", "233,281", "212,281"]}, {"word": "CRAND", "bbox": ["183,312", "201,324", "197,330", "179,318"]}, {"word": "CRECLASS", "bbox": ["203,325", "239,326", "239,334", "203,333"]}, {"word": "EN", "bbox": ["250,321", "253,319", "256,323", "253,325"]}, {"word": "SAUTERNES", "bbox": ["186,335", "257,334", "257,344", "186,345"]}, {"word": "Ariece", "bbox": ["183,366", "200,370", "199,375", "182,371"]}, {"word": "CMLICTONDE", "bbox": ["211,384", "241,383", "241,386", "211,387"]}]