[{"word": "ORGE", "bbox": ["328,231", "383,225", "386,253", "331,259"]}, {"word": "IDDYS", "bbox": ["328,299", "391,300", "391,326", "328,325"]}, {"word": "t.t.tt", "bbox": ["310,342", "412,344", "411,378", "309,376"]}, {"word": "IMPO", "bbox": ["289,549", "362,549", "362,568", "289,568"]}, {"word": "TED", "bbox": ["389,549", "436,549", "436,568", "389,568"]}, {"word": "honors", "bbox": ["234,590", "268,590", "268,602", "234,602"]}, {"word": "thc", "bbox": ["271,590", "290,590", "290,602", "271,602"]}, {"word": "English", "bbox": ["292,590", "325,590", "325,602", "292,602"]}, {"word": "Cette", "bbox": ["407,590", "429,590", "429,602", "407,602"]}, {"word": "liqueur", "bbox": ["431,590", "468,590", "468,602", "431,602"]}, {"word": "honere", "bbox": ["470,590", "498,590", "498,602", "470,602"]}, {"word": "td", "bbox": ["207,599", "255,601", "254,612", "207,610"]}, {"word": "Canada.", "bbox": ["262,601", "296,602", "295,614", "261,613"]}, {"word": "I's", "bbox": ["298,603", "310,604", "310,614", "298,614"]}, {"word": "Cndan", "bbox": ["230,613", "266,615", "265,626", "229,624"]}, {"word": "whisky", "bbox": ["270,615", "298,617", "297,629", "269,627"]}, {"word": "ence", "bbox": ["228,627", "259,629", "259,636", "228,634"]}, {"word": "of", "bbox": ["264,627", "274,628", "273,639", "263,638"]}, {"word": "a", "bbox": ["276,628", "280,628", "279,639", "275,639"]}, {"word": "tere", "bbox": ["413,605", "437,604", "437,615", "413,616"]}, {"word": "anglais", "bbox": ["442,604", "470,603", "470,614", "442,615"]}, {"word": "et", "bbox": ["474,604", "480,604", "480,612", "474,612"]}, {"word": "frau", "bbox": ["483,602", "499,601", "499,612", "483,613"]}, {"word": "nada.", "bbox": ["436,616", "462,615", "462,627", "436,628"]}, {"word": "Son", "bbox": ["462,618", "476,618", "476,623", "462,624"]}, {"word": "goul", "bbox": ["480,616", "494,616", "494,625", "480,626"]}, {"word": "au", "bbox": ["447,630", "461,628", "462,639", "448,641"]}, {"word": "whisky", "bbox": ["465,628", "486,626", "487,637", "466,639"]}, {"word": "ni", "bbox": ["491,627", "507,626", "508,637", "492,638"]}, {"word": "f'eloquen", "bbox": ["464,639", "501,635", "502,648", "465,652"]}, {"word": "liqueer", "bbox": ["466,653", "500,650", "501,661", "467,664"]}, {"word": "de", "bbox": ["472,664", "487,662", "488,673", "473,675"]}, {"word": "distin", "bbox": ["489,661", "511,658", "512,670", "491,673"]}, {"word": "Elle", "bbox": ["474,676", "492,673", "494,684", "476,687"]}, {"word": "put", "bbox": ["494,672", "506,670", "508,681", "496,683"]}, {"word": "d'u", "bbox": ["481,688", "492,686", "494,694", "483,697"]}, {"word": "da", "bbox": ["500,684", "521,679", "524,690", "502,695"]}, {"word": "legendae", "bbox": ["478,699", "514,692", "516,702", "480,710"]}, {"word": "pule", "bbox": ["480,712", "499,708", "501,718", "482,722"]}, {"word": "Fn", "bbox": ["501,708", "508,707", "510,716", "503,718"]}, {"word": "saveu", "bbox": ["481,721", "500,717", "502,728", "483,732"]}, {"word": "d", "bbox": ["505,717", "512,716", "514,725", "507,727"]}, {"word": "distilla.C", "bbox": ["477,736", "519,726", "521,737", "480,747"]}, {"word": "nom", "bbox": ["476,752", "491,748", "492,753", "477,757"]}, {"word": "el", "bbox": ["495,748", "500,747", "501,751", "496,752"]}, {"word": "p", "bbox": ["510,740", "513,739", "515,749", "512,750"]}, {"word": "elre", "bbox": ["471,763", "486,759", "489,766", "473,771"]}, {"word": "sen", "bbox": ["490,761", "500,758", "501,762", "491,765"]}, {"word": "n", "bbox": ["502,754", "515,751", "517,760", "505,764"]}, {"word": "famille", "bbox": ["466,774", "490,768", "492,776", "468,783"]}, {"word": "eu", "bbox": ["495,767", "504,765", "506,774", "497,777"]}, {"word": "un", "bbox": ["506,765", "514,763", "516,773", "508,775"]}, {"word": "gelicisme", "bbox": ["460,786", "497,776", "500,787", "463,798"]}, {"word": "de", "bbox": ["501,775", "509,773", "512,784", "504,787"]}, {"word": "francais", "bbox": ["448,800", "479,792", "482,802", "451,811"]}, {"word": "\"i", "bbox": ["484,791", "493,789", "496,799", "487,802"]}, {"word": "i", "bbox": ["510,784", "516,782", "519,793", "513,795"]}, {"word": "GEORGE", "bbox": ["298,627", "393,613", "398,648", "303,662"]}, {"word": "TIDDYS", "bbox": ["289,645", "425,644", "426,695", "290,696"]}, {"word": "Thplcind", "bbox": ["211,727", "251,733", "249,744", "209,739"]}, {"word": "43mh.", "bbox": ["203,738", "255,747", "253,757", "201,748"]}, {"word": "ning", "bbox": ["234,757", "258,764", "256,772", "232,766"]}, {"word": "reeze", "bbox": ["236,769", "266,775", "265,784", "234,778"]}, {"word": "D", "bbox": ["234,781", "240,782", "238,792", "232,791"]}, {"word": "BY,", "bbox": ["239,783", "250,785", "248,793", "237,791"]}, {"word": "PRE-", "bbox": ["254,784", "272,788", "270,796", "252,793"]}, {"word": "0", "bbox": ["237,792", "244,793", "242,803", "235,802"]}, {"word": "BOTTLED", "bbox": ["241,795", "280,802", "279,810", "240,803"]}, {"word": "1OR", "bbox": ["230,803", "248,806", "246,816", "228,813"]}, {"word": "MOHAWK", "bbox": ["249,807", "292,815", "290,825", "247,817"]}, {"word": "D", "bbox": ["234,816", "242,817", "240,828", "232,827"]}, {"word": "PRODUCTS,", "bbox": ["239,818", "291,827", "290,836", "237,827"]}, {"word": "OWN,", "bbox": ["228,826", "253,832", "251,841", "226,836"]}, {"word": "KY", "bbox": ["252,832", "260,834", "258,842", "250,840"]}, {"word": "AN", "bbox": ["303,760", "363,746", "375,793", "314,808"]}, {"word": "LIQUE", "bbox": ["366,745", "444,727", "455,775", "378,794"]}, {"word": "le", "bbox": ["436,812", "447,812", "447,823", "436,823"]}, {"word": "se", "bbox": ["452,813", "458,814", "457,825", "451,824"]}, {"word": "hrise", "bbox": ["427,827", "449,824", "450,832", "428,836"]}, {"word": "douce", "bbox": ["454,824", "479,820", "480,828", "455,832"]}, {"word": "36%", "bbox": ["408,844", "425,840", "426,847", "409,851"]}, {"word": "ALC,", "bbox": ["433,837", "455,832", "457,844", "436,849"]}, {"word": "BY", "bbox": ["457,836", "465,834", "466,841", "458,843"]}, {"word": "VOL.", "bbox": ["470,833", "491,829", "492,835", "471,840"]}, {"word": "17", "bbox": ["492,825", "498,824", "500,834", "494,836"]}, {"word": "CANAD", "bbox": ["295,708", "342,770", "320,787", "273,725"]}, {"word": "QUEUR", "bbox": ["383,764", "425,703", "455,724", "414,785"]}]