[{"word": "Seeed", "bbox": ["28,155", "57,154", "57,158", "28,159"]}, {"word": "wh", "bbox": ["60,154", "70,154", "70,157", "60,157"]}, {"word": "ee", "bbox": ["73,150", "101,149", "101,157", "73,158"]}, {"word": "HONEY", "bbox": ["44,182", "93,180", "94,198", "45,200"]}, {"word": "ALL", "bbox": ["43,201", "57,200", "57,207", "43,208"]}, {"word": "NATURA", "bbox": ["61,199", "84,198", "84,206", "62,207"]}, {"word": "ROOT", "bbox": ["33,208", "94,204", "95,222", "34,226"]}, {"word": "BEER", "bbox": ["43,223", "91,220", "92,236", "44,239"]}]