[{"word": "ABSOLUT", "bbox": ["218,121", "279,121", "279,140", "218,140"]}, {"word": "ABSOL", "bbox": ["24,138", "65,135", "66,152", "26,156"]}, {"word": "ABSOLUT", "bbox": ["83,134", "127,130", "128,147", "84,151"]}, {"word": "VODKASPBERRI", "bbox": ["39,154", "133,150", "134,168", "40,172"]}, {"word": "BSOL", "bbox": ["135,150", "166,149", "167,166", "136,167"]}, {"word": "PEPPA", "bbox": ["137,167", "165,167", "165,182", "137,182"]}, {"word": "ABS", "bbox": ["374,130", "402,128", "403,145", "375,147"]}, {"word": "RUBY", "bbox": ["220,144", "255,142", "256,159", "221,161"]}, {"word": "RED", "bbox": ["257,142", "279,141", "280,158", "258,159"]}, {"word": "SOLUT", "bbox": ["287,140", "324,138", "325,156", "288,158"]}, {"word": "ABSOU", "bbox": ["324,148", "370,148", "370,165", "324,165"]}, {"word": "AP", "bbox": ["391,164", "392,164", "392,164", "391,164"]}, {"word": "RANT", "bbox": ["287,158", "324,159", "324,176", "287,175"]}, {"word": "ANDR", "bbox": ["326,164", "365,164", "365,181", "326,181"]}, {"word": "SOLUT", "bbox": ["436,139", "471,140", "470,156", "435,155"]}, {"word": "IMPORTED", "bbox": ["182,238", "213,238", "213,246", "182,246"]}, {"word": "PORTED", "bbox": ["239,236", "267,236", "267,244", "239,244"]}]