[{"word": "INE", "bbox": ["262,385", "277,386", "277,393", "262,392"]}, {"word": "s", "bbox": ["292,389", "302,389", "302,391", "292,391"]}, {"word": "TA", "bbox": ["261,394", "268,394", "268,399", "261,399"]}, {"word": "WITH", "bbox": ["271,396", "285,396", "285,399", "271,399"]}, {"word": "1OMATO", "bbox": ["289,396", "308,396", "308,399", "289,399"]}, {"word": "A", "bbox": ["312,394", "317,394", "317,400", "312,400"]}, {"word": "WINE", "bbox": ["173,397", "192,398", "192,404", "173,403"]}, {"word": "T", "bbox": ["196,398", "200,398", "200,404", "196,404"]}, {"word": "as", "bbox": ["213,400", "220,400", "220,403", "213,403"]}, {"word": "WINE", "bbox": ["43,403", "66,404", "66,410", "43,409"]}, {"word": "THAT", "bbox": ["71,406", "82,406", "82,410", "71,410"]}, {"word": "1ovs", "bbox": ["87,407", "100,408", "100,411", "87,410"]}, {"word": "ROASTED", "bbox": ["55,413", "86,413", "86,422", "55,422"]}, {"word": "CHICKEN", "bbox": ["92,413", "130,413", "130,423", "92,423"]}]