[{"word": "Cott", "bbox": ["41,113", "255,114", "255,209", "41,208"]}, {"word": "QUA", "bbox": ["75,218", "137,217", "137,244", "75,245"]}, {"word": "LITY", "bbox": ["146,214", "205,213", "205,243", "146,244"]}, {"word": "OLD", "bbox": ["58,330", "89,327", "91,348", "60,351"]}, {"word": "FASHIONED", "bbox": ["102,325", "219,314", "222,336", "104,347"]}, {"word": "CREAMY", "bbox": ["86,358", "211,345", "214,365", "88,379"]}, {"word": "ROOT", "bbox": ["46,381", "145,370", "151,419", "52,431"]}, {"word": "BEER", "bbox": ["156,369", "235,360", "241,410", "162,419"]}, {"word": "MANCHESTER.", "bbox": ["709,4", "708,167", "0,163", "1,0"]}, {"word": "N.", "bbox": ["704,179", "702,188", "691,186", "692,177"]}, {"word": "H.", "bbox": ["700,198", "695,223", "684,220", "688,196"]}, {"word": "U.S.A.", "bbox": ["694,232", "689,272", "678,270", "682,231"]}, {"word": "COTT", "bbox": ["690,302", "697,330", "684,333", "677,305"]}, {"word": "BOTTLING", "bbox": ["703,343", "710,422", "693,423", "686,345"]}, {"word": "Co.", "bbox": ["707,441", "705,476", "691,475", "693,440"]}, {"word": "INC.", "bbox": ["705,482", "705,509", "692,509", "692,482"]}, {"word": "CONTAS", "bbox": ["442,71", "447,113", "431,115", "425,73"]}, {"word": "SDTnALLY", "bbox": ["438,121", "441,173", "430,174", "427,122"]}, {"word": "REATID", "bbox": ["442,179", "447,203", "438,205", "433,181"]}, {"word": "CASONAD", "bbox": ["327,-120", "465,254", "139,374", "1,0"]}, {"word": "WAIER", "bbox": ["456,268", "456,292", "447,292", "447,268"]}, {"word": "CAt", "bbox": ["452,324", "449,338", "440,336", "442,322"]}, {"word": "G", "bbox": ["447,349", "444,363", "436,361", "438,347"]}, {"word": "PLAVOR", "bbox": ["442,380", "440,409", "430,408", "432,379"]}, {"word": "AND", "bbox": ["440,414", "441,426", "431,427", "430,415"]}, {"word": "CA", "bbox": ["441,434", "442,441", "433,442", "432,435"]}, {"word": "coO", "bbox": ["446,474", "447,493", "437,493", "436,474"]}]