[{"word": "CARBONATED", "bbox": ["104,76", "164,83", "162,97", "102,90"]}, {"word": "WATER,", "bbox": ["172,84", "210,83", "210,96", "172,97"]}, {"word": "HIGH", "bbox": ["217,83", "240,80", "241,93", "219,96"]}, {"word": "FRUCTOSE", "bbox": ["248,79", "293,67", "297,79", "251,92"]}, {"word": "CORN", "bbox": ["302,64", "319,57", "323,68", "306,75"]}, {"word": "SYRUP,", "bbox": ["105,88", "138,94", "135,106", "103,100"]}, {"word": "CARAMEL", "bbox": ["142,95", "187,97", "187,109", "142,107"]}, {"word": "COLOR,", "bbox": ["195,97", "233,94", "234,106", "196,109"]}, {"word": "SODIUM", "bbox": ["236,94", "274,86", "277,97", "239,106"]}, {"word": "BENZOATE", "bbox": ["281,83", "322,69", "326,80", "285,94"]}, {"word": "(PRES\u00c9RVATIVE),", "bbox": ["103,100", "187,108", "185,124", "101,116"]}, {"word": "NATURAL", "bbox": ["194,109", "244,104", "245,117", "195,122"]}, {"word": "AND", "bbox": ["252,102", "268,99", "271,112", "255,116"]}, {"word": "ARTIFICIAL", "bbox": ["278,96", "321,81", "326,93", "282,108"]}, {"word": "FLAVORS,", "bbox": ["105,113", "158,122", "157,132", "103,124"]}, {"word": "BOTTLED", "bbox": ["160,121", "200,121", "200,133", "160,133"]}, {"word": "UNDER", "bbox": ["0,0", "229,-24", "245,129", "16,153"]}, {"word": "THE", "bbox": ["256,115", "270,112", "272,122", "258,125"]}, {"word": "AUTHORITY", "bbox": ["278,109", "320,93", "324,104", "282,120"]}, {"word": "Facts", "bbox": ["56,75", "90,99", "82,111", "47,87"]}, {"word": "REE", "bbox": ["48,40", "78,58", "69,73", "39,55"]}, {"word": "75024.", "bbox": ["107,136", "138,142", "137,152", "105,146"]}, {"word": "\u00a92007", "bbox": ["145,142", "169,144", "168,156", "144,154"]}, {"word": "A&W", "bbox": ["179,146", "198,146", "198,156", "179,156"]}, {"word": "CONCENTRATE", "bbox": ["206,145", "276,133", "278,145", "208,157"]}, {"word": "COMPANY", "bbox": ["283,132", "320,119", "323,129", "287,142"]}, {"word": "240", "bbox": ["82,153", "106,162", "102,175", "77,166"]}, {"word": "OF", "bbox": ["107,124", "121,127", "118,138", "105,135"]}, {"word": "DR", "bbox": ["127,128", "136,129", "134,140", "125,139"]}, {"word": "PEPPER/SEVEN", "bbox": ["144,129", "221,131", "221,145", "144,143"]}, {"word": "UP,", "bbox": ["226,131", "238,130", "239,142", "227,143"]}, {"word": "INC.,", "bbox": ["247,129", "268,124", "271,135", "249,140"]}, {"word": "PLANO,", "bbox": ["278,121", "308,110", "312,121", "282,132"]}, {"word": "TX", "bbox": ["314,108", "325,103", "329,114", "318,118"]}, {"word": "0%", "bbox": ["93,192", "107,198", "103,206", "89,200"]}, {"word": "NOT", "bbox": ["129,325", "143,329", "141,338", "126,334"]}, {"word": "INTENDED", "bbox": ["147,330", "189,337", "188,347", "145,340"]}, {"word": "FOR", "bbox": ["196,338", "210,338", "210,347", "196,347"]}, {"word": "INDIVIDUAL", "bbox": ["214,338", "268,330", "270,341", "216,349"]}, {"word": "RESALE", "bbox": ["276,328", "305,320", "308,329", "279,338"]}, {"word": "AW-1035", "bbox": ["128,319", "123,278", "134,277", "139,318"]}, {"word": "RBHC.03907G", "bbox": ["123,273", "115,206", "127,205", "135,272"]}, {"word": "6-PACK", "bbox": ["114,196", "110,158", "122,157", "126,195"]}, {"word": "ME-MA-NY-OR-", "bbox": ["270,231", "267,161", "283,160", "286,230"]}, {"word": "CA", "bbox": ["308,268", "307,245", "329,244", "330,267"]}, {"word": "CASH", "bbox": ["307,242", "306,210", "328,209", "329,241"]}, {"word": "REFUND", "bbox": ["305,208", "303,153", "326,152", "328,207"]}]