[{"word": "VINTAGE", "bbox": ["77,155", "167,156", "167,189", "77,188"]}, {"word": "DRY", "bbox": ["70,184", "128,184", "128,224", "70,224"]}, {"word": "GIN", "bbox": ["130,184", "169,184", "169,224", "130,224"]}, {"word": "die", "bbox": ["83,225", "91,225", "91,234", "83,234"]}, {"word": "gans", "bbox": ["95,228", "108,228", "108,234", "95,234"]}, {"word": "its", "bbox": ["112,227", "117,227", "117,234", "112,234"]}, {"word": "flavour", "bbox": ["120,227", "138,227", "138,234", "120,234"]}, {"word": "and", "bbox": ["142,226", "150,226", "150,234", "142,234"]}, {"word": "anna", "bbox": ["153,228", "167,228", "167,234", "153,234"]}, {"word": "fom", "bbox": ["84,234", "94,234", "94,239", "84,239"]}, {"word": "the", "bbox": ["97,234", "104,234", "104,239", "97,239"]}, {"word": "addition", "bbox": ["107,234", "127,234", "127,239", "107,239"]}, {"word": "of", "bbox": ["130,234", "134,234", "134,240", "130,240"]}, {"word": "plarts", "bbox": ["137,234", "151,234", "151,241", "137,241"]}, {"word": "caled", "bbox": ["154,234", "167,234", "167,241", "154,241"]}, {"word": "botenicals,", "bbox": ["83,242", "109,242", "109,247", "83,247"]}, {"word": "Moore", "bbox": ["112,242", "126,242", "126,247", "112,247"]}, {"word": "s", "bbox": ["129,243", "130,243", "130,247", "129,247"]}, {"word": "Virtage", "bbox": ["133,242", "150,242", "150,248", "133,248"]}, {"word": "Dry", "bbox": ["152,241", "159,241", "159,248", "152,248"]}, {"word": "Gn", "bbox": ["161,241", "167,241", "167,247", "161,247"]}, {"word": "takes", "bbox": ["83,250", "96,250", "96,255", "83,255"]}, {"word": "the", "bbox": ["100,250", "107,250", "107,255", "100,255"]}, {"word": "process", "bbox": ["110,251", "135,251", "135,256", "110,256"]}, {"word": "a", "bbox": ["137,249", "139,249", "139,256", "137,256"]}, {"word": "step", "bbox": ["141,249", "150,249", "150,256", "141,256"]}, {"word": "tarther", "bbox": ["152,248", "167,248", "167,255", "152,255"]}, {"word": "by", "bbox": ["82,257", "90,257", "90,264", "82,264"]}, {"word": "asing", "bbox": ["92,259", "105,259", "105,264", "92,264"]}, {"word": "Australian", "bbox": ["108,257", "135,257", "135,262", "108,262"]}, {"word": "natives", "bbox": ["139,256", "156,256", "156,262", "139,262"]}, {"word": "ke", "bbox": ["160,257", "166,257", "166,261", "160,261"]}, {"word": "cinanan", "bbox": ["83,264", "108,264", "108,270", "83,270"]}, {"word": "myrtle.", "bbox": ["111,265", "127,265", "127,271", "111,271"]}, {"word": "llawara", "bbox": ["131,264", "152,264", "152,270", "131,270"]}, {"word": "plat.", "bbox": ["155,264", "166,264", "166,270", "155,270"]}, {"word": "wid", "bbox": ["84,273", "92,273", "92,278", "84,278"]}, {"word": "ine", "bbox": ["94,273", "103,273", "103,278", "94,278"]}, {"word": "and", "bbox": ["106,273", "113,273", "113,278", "106,278"]}, {"word": "macadamia", "bbox": ["116,272", "143,272", "143,278", "116,278"]}, {"word": "te", "bbox": ["145,272", "149,272", "149,277", "145,277"]}, {"word": "produce", "bbox": ["151,272", "166,272", "166,278", "151,278"]}, {"word": "a", "bbox": ["86,279", "88,279", "88,286", "86,286"]}, {"word": "pin", "bbox": ["88,281", "95,281", "95,286", "88,286"]}, {"word": "enlivened", "bbox": ["97,280", "120,280", "120,286", "97,286"]}, {"word": "with", "bbox": ["123,280", "132,280", "132,285", "123,285"]}, {"word": "the", "bbox": ["135,280", "142,280", "142,285", "135,285"]}, {"word": "disisctive", "bbox": ["144,278", "166,278", "166,285", "144,285"]}, {"word": "flavcur", "bbox": ["83,286", "102,286", "102,293", "83,293"]}, {"word": "of", "bbox": ["105,288", "109,288", "109,293", "105,293"]}, {"word": "Australia.", "bbox": ["113,286", "141,286", "141,293", "113,293"]}, {"word": "Naturaly", "bbox": ["143,286", "165,286", "165,292", "143,292"]}, {"word": "Moore's", "bbox": ["83,295", "103,295", "103,300", "83,300"]}, {"word": "Gin", "bbox": ["106,295", "114,295", "114,301", "106,301"]}, {"word": "is", "bbox": ["117,297", "120,297", "120,301", "117,301"]}, {"word": "alse", "bbox": ["124,295", "133,295", "133,301", "124,301"]}, {"word": "derived", "bbox": ["137,294", "154,294", "154,300", "137,300"]}, {"word": "from", "bbox": ["157,294", "167,294", "167,299", "157,299"]}, {"word": "100%", "bbox": ["84,302", "98,302", "98,311", "84,311"]}, {"word": "Australan", "bbox": ["102,303", "129,303", "129,311", "102,311"]}, {"word": "neutral", "bbox": ["131,302", "149,302", "149,311", "131,311"]}, {"word": "sprit", "bbox": ["153,301", "166,301", "166,310", "153,310"]}, {"word": "before", "bbox": ["83,310", "98,310", "98,319", "83,319"]}, {"word": "being", "bbox": ["101,311", "115,311", "115,319", "101,319"]}, {"word": "distiled", "bbox": ["118,310", "137,310", "137,316", "118,316"]}, {"word": "indvtualy", "bbox": ["140,309", "166,308", "166,317", "140,318"]}, {"word": "seven", "bbox": ["84,319", "97,319", "97,323", "84,323"]}, {"word": "lines", "bbox": ["101,317", "115,317", "115,323", "101,323"]}, {"word": "in", "bbox": ["118,318", "121,318", "121,323", "118,323"]}, {"word": "copper", "bbox": ["124,319", "141,319", "141,324", "124,324"]}, {"word": "stils", "bbox": ["144,317", "155,317", "155,322", "144,322"]}, {"word": "40.0%", "bbox": ["83,332", "100,333", "100,338", "83,337"]}, {"word": "vol", "bbox": ["103,332", "109,332", "109,336", "103,336"]}, {"word": "700m", "bbox": ["153,330", "167,329", "167,334", "153,335"]}]