[{"word": "Crush", "bbox": ["40,231", "164,148", "206,211", "82,294"]}, {"word": "Orange", "bbox": ["108,246", "160,208", "173,227", "121,265"]}, {"word": "COiS", "bbox": ["151,282", "175,283", "175,290", "151,289"]}, {"word": "SURE", "bbox": ["152,290", "164,290", "164,295", "152,295"]}, {"word": "CA", "bbox": ["168,290", "174,290", "174,297", "168,297"]}, {"word": "OTM", "bbox": ["148,303", "160,303", "160,309", "148,309"]}, {"word": "PORT", "bbox": ["148,310", "161,310", "161,314", "148,314"]}, {"word": "A", "bbox": ["163,310", "172,310", "172,314", "163,314"]}, {"word": "AAD", "bbox": ["145,316", "157,316", "157,322", "145,322"]}, {"word": "P", "bbox": ["159,316", "162,316", "162,322", "159,322"]}]