[{"word": "Bu", "bbox": ["74,181", "115,174", "117,184", "76,191"]}, {"word": "DRINK", "bbox": ["75,334", "112,333", "112,341", "75,342"]}, {"word": "DRINK", "bbox": ["212,317", "246,317", "246,326", "212,326"]}, {"word": "Bar", "bbox": ["57,366", "138,340", "149,375", "68,401"]}, {"word": "Ba", "bbox": ["206,341", "241,334", "247,364", "212,371"]}, {"word": "IT'S", "bbox": ["93,402", "113,396", "116,405", "96,412"]}, {"word": "GO", "bbox": ["117,393", "132,388", "136,399", "120,404"]}, {"word": "Central", "bbox": ["89,488", "176,412", "205,446", "118,521"]}, {"word": "Grocery", "bbox": ["204,402", "310,372", "321,412", "215,441"]}, {"word": "c", "bbox": ["319,373", "324,372", "332,410", "327,411"]}, {"word": "NO", "bbox": ["241,442", "262,432", "266,441", "245,451"]}, {"word": "E", "bbox": ["117,535", "138,525", "149,550", "128,560"]}, {"word": "ORIGINALMUFFULE", "bbox": ["156,516", "375,416", "387,442", "168,541"]}, {"word": "VE", "bbox": ["113,568", "145,553", "151,567", "119,582"]}, {"word": "Ol", "bbox": ["141,557", "171,543", "176,555", "147,569"]}, {"word": "CHEESE", "bbox": ["184,534", "258,499", "265,513", "191,548"]}, {"word": "Sz.OLIVE", "bbox": ["275,491", "363,449", "370,464", "282,505"]}, {"word": "SA", "bbox": ["366,448", "378,442", "384,456", "372,462"]}]