[{"word": "FORVAL", "bbox": ["245,171", "269,183", "266,189", "242,177"]}, {"word": "RASSER", "bbox": ["202,191", "241,165", "247,174", "208,200"]}, {"word": "OR", "bbox": ["186,212", "225,209", "227,236", "188,239"]}, {"word": "VAL", "bbox": ["221,209", "299,204", "301,232", "223,237"]}, {"word": "SA", "bbox": ["200,237", "229,236", "230,247", "201,248"]}, {"word": "A", "bbox": ["253,234", "265,233", "266,244", "254,245"]}, {"word": "VIN", "bbox": ["248,261", "260,252", "267,262", "255,271"]}, {"word": "SEATRLE", "bbox": ["262,251", "280,239", "287,249", "269,262"]}]