[{"word": "MOROCCO", "bbox": ["232,468", "507,472", "506,537", "231,533"]}, {"word": "ALE", "bbox": ["232,532", "323,536", "320,605", "229,601"]}, {"word": "ARICH,", "bbox": ["254,607", "276,609", "275,620", "253,618"]}, {"word": "DARK", "bbox": ["279,612", "300,614", "299,623", "278,621"]}, {"word": "WYSTERIOUS", "bbox": ["244,622", "296,629", "293,645", "242,638"]}, {"word": "ALE", "bbox": ["298,634", "312,636", "311,645", "297,643"]}, {"word": "A", "bbox": ["498,666", "499,666", "500,669", "499,669"]}, {"word": "GREAT", "bbox": ["501,660", "534,650", "538,661", "504,671"]}, {"word": "CUMIRA", "bbox": ["492,678", "525,671", "528,683", "494,690"]}, {"word": "BREWED", "bbox": ["256,648", "283,652", "281,662", "254,658"]}, {"word": "TO", "bbox": ["285,653", "296,655", "295,663", "284,661"]}, {"word": "THE", "bbox": ["245,662", "256,664", "253,680", "242,678"]}, {"word": "ANCIENT", "bbox": ["257,668", "284,673", "283,683", "255,678"]}, {"word": "RECIPE", "bbox": ["290,673", "318,679", "317,688", "288,683"]}, {"word": "HELD", "bbox": ["246,683", "266,687", "263,699", "243,695"]}, {"word": "SECRET", "bbox": ["269,690", "294,696", "292,706", "267,700"]}, {"word": "AT", "bbox": ["299,696", "307,698", "305,707", "297,705"]}, {"word": "STANDON", "bbox": ["482,702", "514,695", "516,701", "484,709"]}, {"word": "ON", "bbox": ["516,690", "530,687", "533,700", "519,704"]}, {"word": "LVENS", "bbox": ["244,701", "270,707", "267,722", "241,716"]}, {"word": "HALL", "bbox": ["272,709", "292,714", "290,725", "269,721"]}, {"word": "FOR", "bbox": ["295,715", "314,719", "311,729", "293,725"]}, {"word": "OVER", "bbox": ["248,721", "266,726", "262,741", "244,736"]}, {"word": "300", "bbox": ["268,727", "282,731", "277,746", "264,742"]}, {"word": "YEARS", "bbox": ["284,731", "310,738", "306,753", "280,746"]}]