[{"word": "PHILLIPS", "bbox": ["61,62", "121,34", "127,48", "68,76"]}, {"word": "BREWING", "bbox": ["0,0", "194,-5", "195,44", "1,49"]}, {"word": "PHILLIPS", "bbox": ["100,48", "235,49", "235,88", "100,87"]}, {"word": "COMPAN", "bbox": ["215,31", "273,62", "265,77", "207,45"]}, {"word": "ACCUSATION", "bbox": ["40,96", "281,98", "281,165", "40,163"]}, {"word": "ALE", "bbox": ["207,172", "266,172", "266,196", "207,196"]}, {"word": "E.S.B.", "bbox": ["136,339", "216,336", "217,367", "137,370"]}, {"word": "EXTRA", "bbox": ["62,382", "118,381", "118,403", "62,404"]}, {"word": "SPECIAL", "bbox": ["131,386", "207,385", "207,401", "131,402"]}, {"word": "BITTER", "bbox": ["220,379", "275,378", "275,401", "220,402"]}, {"word": "650", "bbox": ["66,427", "87,429", "85,444", "64,442"]}, {"word": "ml", "bbox": ["92,431", "106,432", "105,446", "91,445"]}, {"word": "5.0%", "bbox": ["117,433", "139,434", "138,449", "116,448"]}, {"word": "ALCVOL.", "bbox": ["149,435", "209,433", "210,448", "150,450"]}, {"word": "BEER/BIERE", "bbox": ["215,432", "268,424", "271,439", "217,447"]}, {"word": "PHILLIPSBEER.COM", "bbox": ["118,451", "227,449", "227,460", "118,462"]}, {"word": "\u0985", "bbox": ["294,108", "294,116", "288,116", "288,108"]}, {"word": "BREWEDA", "bbox": ["48,84", "48,130", "44,130", "44,84"]}, {"word": "BOTTLED", "bbox": ["51,139", "51,180", "44,180", "44,139"]}, {"word": "BY", "bbox": ["51,183", "51,191", "45,191", "45,183"]}, {"word": "PHLLIPS", "bbox": ["51,196", "51,233", "45,233", "45,196"]}, {"word": "BREWING", "bbox": ["51,237", "51,279", "45,279", "45,237"]}, {"word": "CO,420", "bbox": ["51,285", "51,322", "45,322", "45,285"]}, {"word": "WILLIAM", "bbox": ["49,327", "49,362", "46,362", "46,327"]}, {"word": "INGRELDIENTS", "bbox": ["44,85", "44,151", "38,151", "38,85"]}, {"word": "VWATER,", "bbox": ["42,159", "42,195", "38,195", "38,159"]}, {"word": "MALTED", "bbox": ["43,200", "43,238", "38,238", "38,200"]}, {"word": "HARLEY,", "bbox": ["43,244", "43,280", "39,280", "39,244"]}, {"word": "HOPS,", "bbox": ["43,285", "43,313", "39,313", "39,285"]}, {"word": "AND", "bbox": ["45,320", "45,334", "39,334", "39,320"]}, {"word": "YEAS", "bbox": ["45,346", "45,365", "39,365", "39,346"]}, {"word": "Best", "bbox": ["36,92", "36,113", "30,113", "30,92"]}, {"word": "Before", "bbox": ["37,118", "37,154", "30,154", "30,118"]}, {"word": "M", "bbox": ["37,214", "37,228", "31,228", "31,214"]}, {"word": "A", "bbox": ["37,242", "37,249", "31,249", "31,242"]}, {"word": "M", "bbox": ["37,263", "37,274", "31,274", "31,263"]}, {"word": ".", "bbox": ["38,288", "38,296", "32,296", "32,288"]}, {"word": "TORIA.", "bbox": ["49,399", "49,427", "45,427", "45,399"]}, {"word": "BC", "bbox": ["49,432", "49,442", "45,442", "45,432"]}]