[{"word": "THE", "bbox": ["153,203", "183,204", "183,215", "153,214"]}, {"word": "GRAINSTORE", "bbox": ["123,217", "211,217", "211,234", "123,234"]}, {"word": "BREWERY", "bbox": ["125,233", "214,230", "215,251", "126,254"]}, {"word": "BUTLAN", "bbox": ["222,229", "297,226", "298,248", "223,251"]}, {"word": "THE", "bbox": ["263,208", "276,208", "276,213", "263,213"]}, {"word": "GRAINSTORE", "bbox": ["244,212", "294,213", "294,220", "244,219"]}, {"word": "BREWERY", "bbox": ["252,220", "286,221", "286,227", "252,226"]}, {"word": "BO", "bbox": ["46,237", "76,236", "77,258", "47,259"]}, {"word": "TEN", "bbox": ["120,252", "153,253", "153,276", "120,275"]}, {"word": "FIFTY", "bbox": ["161,252", "215,253", "214,277", "161,276"]}, {"word": "PANTI", "bbox": ["221,245", "281,245", "281,271", "221,271"]}, {"word": "INDIA", "bbox": ["42,281", "87,281", "87,291", "42,291"]}, {"word": "PALE", "bbox": ["29,292", "67,291", "67,305", "29,306"]}, {"word": "ALE", "bbox": ["73,291", "101,290", "101,304", "73,305"]}, {"word": "WEDI", "bbox": ["123,303", "173,334", "166,345", "116,314"]}, {"word": "AnorE", "bbox": ["29,312", "61,311", "61,320", "29,321"]}, {"word": "oF", "bbox": ["63,311", "72,311", "72,320", "63,320"]}, {"word": "Hron", "bbox": ["74,310", "96,309", "96,319", "74,320"]}, {"word": "VOUH", "bbox": ["43,321", "67,321", "67,326", "43,326"]}, {"word": "HAND", "bbox": ["71,320", "88,320", "88,325", "71,325"]}, {"word": "Alc", "bbox": ["148,316", "156,319", "155,323", "147,320"]}, {"word": "NREWED", "bbox": ["235,318", "261,335", "255,344", "229,327"]}, {"word": "IN", "bbox": ["262,335", "268,335", "268,345", "262,345"]}, {"word": "RUTIAN", "bbox": ["269,336", "296,324", "301,334", "274,346"]}, {"word": "5.0%", "bbox": ["157,320", "175,321", "175,328", "157,327"]}, {"word": "Vol", "bbox": ["177,321", "186,317", "188,322", "179,326"]}, {"word": "RUTLAND", "bbox": ["171,332", "208,298", "218,309", "181,343"]}]