[{"word": "CH", "bbox": ["56,145", "70,145", "70,157", "56,157"]}, {"word": "Brechdale", "bbox": ["161,145", "210,143", "211,161", "162,163"]}, {"word": "Brookdele", "bbox": ["295,137", "332,136", "332,153", "295,154"]}, {"word": "oor", "bbox": ["290,162", "305,162", "305,167", "290,167"]}, {"word": "No", "bbox": ["51,163", "71,163", "71,173", "51,173"]}, {"word": "by", "bbox": ["76,168", "77,168", "77,170", "76,170"]}, {"word": "Bokatde", "bbox": ["21,278", "124,261", "130,301", "27,317"]}, {"word": "Broak", "bbox": ["132,264", "202,274", "198,303", "128,293"]}, {"word": "tale", "bbox": ["191,276", "226,261", "234,279", "199,294"]}, {"word": "Broo,", "bbox": ["247,262", "310,258", "312,284", "249,288"]}, {"word": "dall", "bbox": ["312,258", "340,256", "342,281", "314,283"]}, {"word": "ROOT", "bbox": ["244,304", "286,312", "283,329", "241,321"]}, {"word": "BEE", "bbox": ["277,310", "313,317", "310,334", "274,327"]}, {"word": "OOT", "bbox": ["30,325", "61,328", "59,345", "29,342"]}, {"word": "BEER", "bbox": ["57,327", "108,331", "106,348", "56,344"]}, {"word": "ROOT", "bbox": ["139,316", "174,319", "172,337", "137,334"]}, {"word": "BEER", "bbox": ["167,319", "214,323", "212,340", "165,336"]}]