[{"word": "ESS", "bbox": ["173,50", "188,63", "181,71", "166,58"]}, {"word": "FIRST", "bbox": ["191,63", "206,76", "199,85", "183,72"]}, {"word": "SIGNE", "bbox": ["206,77", "225,93", "217,103", "198,87"]}, {"word": "TING", "bbox": ["98,66", "79,75", "73,63", "92,53"]}, {"word": "250", "bbox": ["76,77", "64,84", "56,71", "68,64"]}, {"word": "YEARS", "bbox": ["61,86", "38,106", "29,95", "51,75"]}, {"word": "SINCE", "bbox": ["37,108", "21,133", "8,125", "24,100"]}, {"word": "ART", "bbox": ["17,143", "10,155", "-3,147", "4,135"]}, {"word": "EDITI", "bbox": ["161,182", "205,166", "208,175", "164,190"]}, {"word": "LIMITED", "bbox": ["37,194", "115,194", "115,204", "37,204"]}, {"word": "GUINNES", "bbox": ["1,206", "225,174", "238,265", "14,297"]}, {"word": "250", "bbox": ["36,314", "196,270", "212,327", "52,371"]}, {"word": "SARY", "bbox": ["123,349", "185,324", "197,355", "135,380"]}, {"word": "ANNIVE", "bbox": ["40,285", "114,355", "98,372", "24,302"]}, {"word": "11.2", "bbox": ["126,342", "145,336", "149,349", "130,355"]}, {"word": "FLOZ", "bbox": ["147,336", "165,330", "169,343", "151,348"]}, {"word": "TE", "bbox": ["166,53", "199,88", "173,113", "140,78"]}, {"word": "DUBLIN", "bbox": ["201,90", "244,136", "217,161", "174,115"]}]