[{"word": "S'Pe", "bbox": ["277,204", "308,212", "304,228", "273,220"]}, {"word": "Peter's", "bbox": ["310,212", "347,221", "343,238", "306,228"]}, {"word": "S'Peter", "bbox": ["133,209", "183,213", "182,226", "132,222"]}, {"word": "SPeters", "bbox": ["185,213", "215,215", "214,228", "184,226"]}, {"word": "WHEAT", "bbox": ["270,224", "302,225", "302,234", "270,233"]}, {"word": "FRUIT", "bbox": ["130,222", "160,221", "160,230", "130,231"]}, {"word": "BEER", "bbox": ["153,220", "183,219", "183,230", "153,231"]}, {"word": "BITTER", "bbox": ["193,228", "223,229", "223,237", "193,236"]}, {"word": "GANIC", "bbox": ["302,232", "340,235", "339,242", "301,239"]}, {"word": "ALE", "bbox": ["342,235", "355,236", "354,244", "341,243"]}]