[{"word": "SUNDRIES", "bbox": ["89,13", "156,41", "150,56", "83,28"]}, {"word": "Coca", "bbox": ["207,49", "221,54", "218,63", "204,59"]}, {"word": "ITV", "bbox": ["234,68", "250,74", "248,80", "232,74"]}, {"word": "Coca-Cola", "bbox": ["83,33", "162,64", "152,90", "73,59"]}, {"word": "LUNCH", "bbox": ["90,75", "139,93", "133,110", "84,92"]}, {"word": "Coca-Cola", "bbox": ["175,96", "231,118", "222,139", "167,116"]}, {"word": "Bla", "bbox": ["8,68", "32,75", "24,101", "0,94"]}, {"word": "Fk", "bbox": ["160,138", "173,142", "170,153", "157,148"]}, {"word": "DRUGS", "bbox": ["181,141", "228,156", "222,173", "176,158"]}, {"word": "P", "bbox": ["232,158", "242,161", "236,177", "227,174"]}, {"word": "UNIVERS", "bbox": ["198,199", "251,210", "249,217", "196,207"]}, {"word": "GRILL", "bbox": ["210,208", "242,212", "240,224", "209,220"]}, {"word": "Coca-Cola", "bbox": ["110,179", "165,191", "161,210", "106,199"]}]