[{"word": "NS", "bbox": ["1,77", "14,73", "20,91", "6,95"]}, {"word": "GUN", "bbox": ["218,125", "240,118", "243,126", "221,134"]}, {"word": "GUINNIS", "bbox": ["270,129", "301,127", "302,136", "271,138"]}, {"word": "GUINNESS", "bbox": ["323,130", "355,132", "354,142", "323,140"]}, {"word": "17", "bbox": ["246,170", "253,170", "253,176", "246,176"]}, {"word": "59", "bbox": ["285,165", "295,164", "295,170", "286,171"]}, {"word": "GUINNESS", "bbox": ["215,187", "332,174", "335,198", "218,211"]}, {"word": "EXTRA", "bbox": ["238,209", "275,204", "276,211", "239,216"]}, {"word": "STOUT", "bbox": ["279,204", "315,199", "316,206", "280,211"]}, {"word": "TRADITI", "bbox": ["202,176", "231,134", "248,146", "218,188"]}, {"word": "WED", "bbox": ["312,143", "330,164", "323,171", "304,150"]}, {"word": "BLIN", "bbox": ["311,226", "328,201", "339,209", "323,234"]}]