[{"word": "VIRGES", "bbox": ["90,114", "255,129", "249,193", "84,178"]}, {"word": "MICRO", "bbox": ["100,180", "126,193", "121,203", "95,190"]}, {"word": "BREWED", "bbox": ["189,199", "252,194", "253,210", "190,215"]}, {"word": "tral", "bbox": ["137,253", "168,255", "167,271", "136,269"]}, {"word": "Ingredents", "bbox": ["159,254", "236,259", "235,275", "158,270"]}, {"word": "oot", "bbox": ["148,270", "171,270", "171,280", "148,280"]}, {"word": "Deer", "bbox": ["174,271", "198,271", "198,281", "174,281"]}, {"word": "So", "bbox": ["204,271", "220,271", "220,281", "204,281"]}, {"word": "Pu", "bbox": ["222,272", "235,272", "235,282", "222,282"]}, {"word": "An", "bbox": ["147,277", "167,278", "166,291", "146,290"]}, {"word": "Creay", "bbox": ["181,279", "219,281", "218,294", "180,292"]}, {"word": "BEER", "bbox": ["139,297", "276,306", "271,375", "135,366"]}, {"word": "Y", "bbox": ["179,357", "207,357", "207,400", "179,400"]}, {"word": "KEG", "bbox": ["210,357", "273,356", "273,399", "210,400"]}, {"word": "Heaven", "bbox": ["172,301", "215,302", "215,312", "172,311"]}]