[{"word": "THE", "bbox": ["103,136", "138,136", "138,149", "103,149"]}, {"word": "FAMOUS", "bbox": ["65,151", "182,150", "182,184", "65,185"]}, {"word": "GROUSE", "bbox": ["66,180", "189,179", "189,211", "66,212"]}, {"word": "eST", "bbox": ["312,262", "340,262", "340,281", "312,281"]}, {"word": "1800", "bbox": ["348,261", "397,260", "397,280", "348,281"]}, {"word": "PE", "bbox": ["380,261", "419,261", "419,280", "380,280"]}, {"word": "THE", "bbox": ["355,297", "385,297", "385,306", "355,306"]}, {"word": "FAMOUS", "bbox": ["307,304", "429,306", "429,340", "307,338"]}, {"word": "GROUSE", "bbox": ["303,334", "430,336", "429,372", "302,370"]}, {"word": "FINEST", "bbox": ["69,334", "100,334", "100,349", "69,349"]}, {"word": "SCOT", "bbox": ["102,333", "132,333", "132,349", "102,349"]}, {"word": "H", "bbox": ["134,333", "145,333", "145,348", "134,348"]}, {"word": "WHISKY", "bbox": ["147,333", "185,333", "185,348", "147,348"]}, {"word": "0OUCT", "bbox": ["82,378", "116,378", "116,387", "82,387"]}, {"word": "O", "bbox": ["119,382", "123,382", "123,386", "119,386"]}, {"word": "COTLAN", "bbox": ["139,377", "174,377", "174,387", "139,387"]}, {"word": "1.te", "bbox": ["182,367", "210,356", "217,373", "189,384"]}, {"word": "2450", "bbox": ["168,411", "198,405", "200,415", "170,421"]}, {"word": "FINEST", "bbox": ["318,495", "342,495", "342,504", "318,504"]}, {"word": "SCOTCH", "bbox": ["350,494", "388,495", "388,508", "350,507"]}, {"word": "WHISKY", "bbox": ["392,494", "425,494", "425,508", "392,508"]}, {"word": "wringaf", "bbox": ["336,508", "358,508", "358,514", "336,514"]}, {"word": "e", "bbox": ["374,508", "380,508", "380,514", "374,514"]}, {"word": "PRODUCT", "bbox": ["334,527", "362,527", "362,533", "334,533"]}, {"word": "OF", "bbox": ["364,528", "372,528", "372,532", "364,532"]}, {"word": "SCOTLAND", "bbox": ["375,527", "404,527", "404,532", "375,532"]}]