[{"word": "ASDA", "bbox": ["105,94", "187,89", "189,115", "107,120"]}, {"word": "NO", "bbox": ["75,135", "104,133", "105,149", "76,151"]}, {"word": "ADDED", "bbox": ["111,132", "160,128", "161,145", "112,149"]}, {"word": "SUGAR", "bbox": ["165,128", "209,125", "210,141", "166,145"]}, {"word": "CREAM", "bbox": ["55,178", "155,172", "157,211", "58,218"]}, {"word": "SODA", "bbox": ["164,171", "230,167", "233,208", "167,212"]}, {"word": "WITH", "bbox": ["87,227", "116,241", "107,259", "78,245"]}, {"word": "REAL", "bbox": ["121,242", "149,245", "146,265", "119,262"]}, {"word": "VANILA", "bbox": ["152,242", "204,224", "211,246", "159,264"]}, {"word": "B", "bbox": ["206,224", "209,223", "217,240", "215,241"]}]