[{"word": "BIRCH", "bbox": ["210,266", "215,421", "150,423", "145,268"]}, {"word": "BEER", "bbox": ["153,273", "159,412", "111,414", "105,275"]}, {"word": "ME", "bbox": ["132,12", "122,43", "85,32", "95,0"]}, {"word": "CONTAINS", "bbox": ["106,273", "107,306", "100,306", "99,273"]}, {"word": "CARBONATED", "bbox": ["108,310", "110,359", "102,359", "100,310"]}, {"word": "WATER,", "bbox": ["109,363", "110,391", "103,391", "102,363"]}, {"word": "SUGAR", "bbox": ["110,395", "111,419", "104,419", "103,395"]}, {"word": "AND", "bbox": ["97,279", "97,295", "88,295", "88,279"]}, {"word": "OR", "bbox": ["98,298", "98,308", "89,308", "89,298"]}, {"word": "CORN", "bbox": ["98,311", "99,332", "90,332", "89,311"]}, {"word": "SWEETENER,", "bbox": ["98,334", "99,381", "92,381", "91,334"]}, {"word": "OIL", "bbox": ["99,386", "99,396", "93,396", "93,386"]}, {"word": "OF", "bbox": ["99,402", "99,408", "95,408", "95,402"]}, {"word": "BIRCH,", "bbox": ["87,282", "88,307", "79,307", "78,282"]}, {"word": "NATURAL", "bbox": ["87,310", "88,342", "81,342", "80,310"]}, {"word": "AND", "bbox": ["88,347", "88,362", "81,362", "81,347"]}, {"word": "ARTIFICIAL", "bbox": ["88,365", "89,402", "83,402", "82,365"]}, {"word": "FLAVOR,", "bbox": ["78,292", "78,327", "68,327", "68,292"]}, {"word": "CARAMEL", "bbox": ["79,329", "79,366", "68,366", "68,329"]}, {"word": "COLOR", "bbox": ["78,367", "78,393", "71,393", "71,367"]}]