[{"word": "ABSOU", "bbox": ["365,138", "400,139", "400,150", "365,149"]}, {"word": "PEA", "bbox": ["370,152", "387,152", "387,162", "370,162"]}, {"word": "CHIVAS", "bbox": ["413,171", "428,172", "428,175", "413,174"]}, {"word": "RICm", "bbox": ["432,171", "448,172", "448,176", "432,175"]}, {"word": "BACARDI", "bbox": ["58,187", "99,181", "100,194", "60,200"]}, {"word": "REMY", "bbox": ["313,188", "327,188", "327,193", "313,193"]}, {"word": "MAR", "bbox": ["330,188", "344,188", "344,193", "330,193"]}, {"word": "MAKTELL", "bbox": ["130,209", "167,206", "168,216", "131,219"]}, {"word": "Otard", "bbox": ["201,202", "233,199", "234,211", "202,214"]}]