[{"word": "de", "bbox": ["324,105", "329,105", "329,117", "324,117"]}, {"word": "le", "bbox": ["332,105", "341,105", "341,117", "332,117"]}, {"word": "2002", "bbox": ["148,172", "225,172", "225,201", "148,201"]}, {"word": "PELLATION", "bbox": ["79,278", "122,291", "118,304", "75,291"]}, {"word": "MEURSAULT", "bbox": ["131,294", "200,301", "198,316", "130,309"]}, {"word": "1er", "bbox": ["211,301", "224,301", "224,314", "211,314"]}, {"word": "CRU", "bbox": ["245,298", "258,296", "260,309", "247,311"]}, {"word": "CONTROLE", "bbox": ["268,294", "315,284", "318,297", "271,307"]}, {"word": "WHITE", "bbox": ["133,322", "157,323", "157,333", "133,332"]}, {"word": "BURGUNDY", "bbox": ["163,325", "214,327", "214,336", "163,334"]}, {"word": "WINE", "bbox": ["219,324", "242,325", "242,336", "219,335"]}, {"word": "VImCULTEUR", "bbox": ["89,364", "148,385", "143,400", "84,378"]}, {"word": "A", "bbox": ["156,387", "163,388", "162,400", "155,399"]}, {"word": "MEURSAULT,", "bbox": ["175,389", "250,387", "250,402", "175,404"]}, {"word": "COTEDOE", "bbox": ["253,385", "298,373", "302,385", "256,398"]}, {"word": "Fran\u00e7ois", "bbox": ["0,0", "237,14", "215,387", "-22,373"]}, {"word": "JOBARD", "bbox": ["227,365", "293,353", "296,373", "231,385"]}, {"word": "PRODUCE", "bbox": ["153,407", "211,410", "210,422", "152,419"]}, {"word": "OF", "bbox": ["226,409", "234,408", "235,419", "227,420"]}, {"word": "FRANCE", "bbox": ["243,407", "278,402", "279,412", "244,417"]}]