[{"word": "108", "bbox": ["118,42", "153,35", "157,52", "121,59"]}, {"word": "E", "bbox": ["104,206", "114,205", "115,217", "105,218"]}, {"word": "PEP", "bbox": ["120,206", "149,204", "150,215", "121,217"]}, {"word": "PEPSI", "bbox": ["159,216", "209,218", "208,230", "158,228"]}, {"word": "PEPS", "bbox": ["232,226", "323,227", "323,250", "232,249"]}, {"word": "NE", "bbox": ["334,283", "371,282", "371,301", "335,302"]}, {"word": "NEX", "bbox": ["227,291", "312,292", "312,323", "227,322"]}, {"word": "ZE", "bbox": ["346,314", "371,313", "372,334", "347,335"]}, {"word": "ZERO", "bbox": ["247,334", "306,334", "306,353", "247,353"]}, {"word": "CALORI", "bbox": ["256,356", "299,356", "299,363", "256,363"]}, {"word": "ANDR", "bbox": ["148,248", "147,291", "140,291", "141,248"]}]