[{"word": "MIGHLAND", "bbox": ["74,296", "105,296", "105,300", "74,300"]}, {"word": "SINGLE", "bbox": ["108,296", "133,296", "133,300", "108,300"]}, {"word": "MALT", "bbox": ["138,295", "153,295", "153,302", "138,302"]}, {"word": "SCOTCH", "bbox": ["81,303", "109,303", "109,307", "81,307"]}, {"word": "WHISKY", "bbox": ["113,303", "139,303", "139,308", "113,308"]}, {"word": "The", "bbox": ["105,310", "116,310", "116,317", "105,317"]}, {"word": "NECTAR", "bbox": ["81,317", "120,317", "120,326", "81,326"]}, {"word": "D'", "bbox": ["125,318", "140,318", "140,324", "125,324"]}, {"word": "THIN", "bbox": ["81,415", "97,415", "97,420", "81,420"]}, {"word": "CHILLIFILTERER", "bbox": ["99,415", "138,415", "138,420", "99,420"]}]