[{"word": "\u73e0\u6c5f", "bbox": ["298,84", "385,87", "383,148", "296,145"]}, {"word": "\u6a4b\u724c", "bbox": ["387,87", "457,89", "455,151", "385,149"]}, {"word": "\u3002", "bbox": ["459,90", "477,91", "475,152", "457,151"]}, {"word": "PEARL", "bbox": ["278,216", "333,217", "333,237", "278,236"]}, {"word": "RIVER", "bbox": ["340,220", "398,221", "398,239", "340,238"]}, {"word": "BRIDGE", "bbox": ["406,217", "469,218", "469,240", "406,239"]}, {"word": "\u4e5d\u6c5f", "bbox": ["275,253", "328,253", "328,296", "275,296"]}, {"word": "\u96d9", "bbox": ["330,258", "393,258", "393,295", "330,295"]}, {"word": "\u84b8", "bbox": ["396,258", "429,258", "429,294", "396,294"]}, {"word": "\u9152", "bbox": ["431,256", "474,256", "474,297", "431,297"]}, {"word": "KIU", "bbox": ["325,299", "366,299", "366,323", "325,323"]}, {"word": "KIANG", "bbox": ["369,299", "416,300", "416,325", "369,324"]}, {"word": "SHUANG", "bbox": ["292,324", "357,324", "357,347", "292,347"]}, {"word": "JIN", "bbox": ["363,324", "393,324", "393,347", "363,347"]}, {"word": "CHIEW", "bbox": ["399,324", "449,324", "449,348", "399,348"]}, {"word": "\u5ee3\u6771", "bbox": ["250,447", "321,445", "322,469", "251,471"]}, {"word": "\u7701", "bbox": ["324,452", "340,452", "340,469", "324,469"]}, {"word": "\u98df\u54c1", "bbox": ["343,446", "380,445", "381,468", "344,469"]}, {"word": "\u9032\u51fa\u53e3", "bbox": ["383,450", "437,448", "437,466", "384,468"]}, {"word": "\u96c6\u5718", "bbox": ["439,442", "472,441", "473,465", "440,466"]}, {"word": "\u516c", "bbox": ["474,441", "484,441", "485,465", "475,465"]}, {"word": "GUANGDONG", "bbox": ["293,463", "336,470", "335,480", "291,473"]}, {"word": "FOODSTUFFS", "bbox": ["351,471", "406,471", "406,480", "351,480"]}, {"word": "IMP.", "bbox": ["408,470", "421,468", "422,477", "409,479"]}, {"word": "&", "bbox": ["425,468", "427,468", "428,476", "426,476"]}, {"word": "EXPGROC", "bbox": ["434,466", "472,455", "474,464", "436,475"]}]