[{"word": "CANADA", "bbox": ["10,194", "136,145", "150,183", "24,231"]}, {"word": "HDRY", "bbox": ["32,224", "119,188", "135,226", "47,262"]}, {"word": "CAFFEINE", "bbox": ["45,294", "91,292", "91,301", "45,303"]}, {"word": "FREE", "bbox": ["96,293", "114,292", "114,298", "96,299"]}, {"word": "GINGER", "bbox": ["43,302", "94,300", "95,317", "44,319"]}, {"word": "ALE", "bbox": ["101,299", "123,298", "124,314", "102,315"]}, {"word": "12", "bbox": ["94,328", "104,326", "106,336", "97,339"]}, {"word": "FL", "bbox": ["107,324", "114,322", "116,332", "109,334"]}, {"word": "OZ", "bbox": ["118,325", "126,323", "127,329", "119,331"]}, {"word": "(5", "bbox": ["130,323", "137,321", "138,326", "131,328"]}]