[{"word": "EXTRA", "bbox": ["125,153", "238,140", "242,175", "129,188"]}, {"word": "STOUT", "bbox": ["250,146", "325,204", "305,231", "229,173"]}, {"word": "59", "bbox": ["223,231", "245,225", "250,242", "227,247"]}, {"word": "17", "bbox": ["133,253", "149,250", "152,269", "137,272"]}, {"word": "GUINNESS", "bbox": ["52,301", "357,241", "372,318", "67,379"]}, {"word": "FOREIGNEXTRA", "bbox": ["124,380", "319,331", "323,348", "128,396"]}, {"word": "JANES", "bbox": ["136,426", "228,467", "217,493", "125,452"]}, {"word": "SATE", "bbox": ["257,465", "311,434", "324,456", "270,487"]}, {"word": "FORBIG", "bbox": ["47,253", "88,181", "121,200", "80,272"]}, {"word": "DUBLIN", "bbox": ["309,446", "352,342", "386,357", "343,460"]}]