[{"word": "Coca-Cola", "bbox": ["92,208", "189,210", "188,251", "91,249"]}, {"word": "GoMe", "bbox": ["153,243", "185,244", "185,259", "153,258"]}, {"word": "Statutory", "bbox": ["345,422", "388,422", "388,435", "345,435"]}, {"word": "Wasning", "bbox": ["390,422", "423,422", "423,435", "390,435"]}, {"word": "Statutory", "bbox": ["87,430", "151,431", "151,448", "87,447"]}, {"word": "Warning", "bbox": ["155,431", "204,432", "204,450", "155,449"]}, {"word": "Cola", "bbox": ["84,445", "104,445", "104,463", "84,463"]}, {"word": "trinking", "bbox": ["108,449", "134,449", "134,462", "108,462"]}, {"word": "is", "bbox": ["138,450", "143,450", "143,459", "138,459"]}, {"word": "injurious", "bbox": ["146,445", "175,445", "175,462", "146,462"]}, {"word": "to", "bbox": ["178,451", "184,451", "184,459", "178,459"]}, {"word": "healt", "bbox": ["187,445", "212,445", "212,463", "187,463"]}, {"word": "PESIKOLLA", "bbox": ["353,440", "387,440", "387,447", "353,447"]}, {"word": "PEPSI", "bbox": ["293,466", "292,215", "341,215", "342,466"]}]