[{"word": "SVE", "bbox": ["50,125", "80,126", "79,137", "49,136"]}, {"word": "NE", "bbox": ["86,130", "104,131", "104,136", "86,135"]}, {"word": "CANES", "bbox": ["51,141", "84,141", "84,151", "51,151"]}, {"word": "GN", "bbox": ["87,142", "104,142", "104,150", "87,150"]}, {"word": "LETEN", "bbox": ["215,115", "244,113", "244,122", "216,124"]}, {"word": "PURE", "bbox": ["222,129", "241,129", "241,139", "222,139"]}, {"word": "CAME", "bbox": ["214,141", "230,141", "230,150", "214,150"]}, {"word": "SUCA", "bbox": ["232,140", "249,140", "249,150", "232,150"]}, {"word": "CAMES", "bbox": ["309,137", "337,137", "337,147", "309,147"]}, {"word": "CE", "bbox": ["379,136", "393,136", "393,143", "379,143"]}, {"word": "S", "bbox": ["395,135", "408,135", "408,143", "395,143"]}, {"word": "CANE", "bbox": ["425,133", "437,133", "437,139", "425,139"]}, {"word": "CINE", "bbox": ["455,131", "468,131", "468,139", "455,139"]}, {"word": "SUK", "bbox": ["471,131", "490,131", "490,139", "471,139"]}, {"word": "OE", "bbox": ["117,145", "134,144", "135,153", "118,154"]}, {"word": "SUGA", "bbox": ["136,143", "151,142", "152,152", "137,153"]}, {"word": "LAN", "bbox": ["218,161", "259,160", "260,183", "219,184"]}, {"word": "FAGES", "bbox": ["46,195", "83,193", "84,205", "47,207"]}, {"word": "OY", "bbox": ["364,216", "406,199", "414,218", "372,235"]}, {"word": "ORANGE", "bbox": ["370,241", "401,240", "402,255", "371,256"]}, {"word": "CHSM", "bbox": ["404,239", "423,238", "424,254", "405,255"]}, {"word": "L.", "bbox": ["406,204", "417,207", "414,216", "404,214"]}, {"word": "BRAN", "bbox": ["393,230", "409,229", "409,232", "393,233"]}, {"word": "BRAND", "bbox": ["467,233", "486,233", "486,235", "467,235"]}, {"word": "REAR", "bbox": ["328,236", "343,235", "343,237", "328,238"]}, {"word": "ROOT", "bbox": ["442,242", "475,242", "475,255", "442,255"]}, {"word": "BEER", "bbox": ["479,244", "499,244", "499,255", "479,255"]}, {"word": "SUGAR", "bbox": ["226,246", "247,246", "247,249", "226,249"]}, {"word": "ORIGINAL", "bbox": ["37,247", "94,213", "107,235", "50,269"]}, {"word": "GRAPE", "bbox": ["303,248", "350,245", "351,258", "304,261"]}, {"word": "BLACK", "bbox": ["108,254", "134,254", "134,270", "108,270"]}, {"word": "CHERRY", "bbox": ["136,254", "170,254", "170,270", "136,270"]}, {"word": "CANECOLA", "bbox": ["208,254", "263,253", "263,265", "208,266"]}, {"word": "TTLE", "bbox": ["370,264", "408,275", "402,293", "365,282"]}, {"word": "OTTLE", "bbox": ["301,266", "347,289", "338,307", "292,284"]}, {"word": "TLEW", "bbox": ["443,268", "487,277", "483,295", "439,287"]}, {"word": ".......", "bbox": ["225,278", "252,277", "252,279", "225,280"]}, {"word": "BIRC", "bbox": ["66,294", "102,288", "105,305", "69,311"]}, {"word": "12", "bbox": ["454,300", "466,300", "466,306", "454,306"]}, {"word": "OUNCES", "bbox": ["468,300", "488,301", "488,307", "468,306"]}, {"word": "iz", "bbox": ["126,316", "138,316", "138,322", "126,322"]}, {"word": "OUNCES", "bbox": ["138,317", "160,317", "160,322", "138,322"]}, {"word": "12", "bbox": ["220,318", "224,318", "224,321", "220,321"]}, {"word": "OUNCES", "bbox": ["230,316", "251,316", "251,321", "230,321"]}, {"word": "LACALLY", "bbox": ["37,318", "57,318", "57,320", "37,320"]}, {"word": "Root", "bbox": ["474,358", "490,357", "490,364", "474,365"]}, {"word": "B", "bbox": ["495,357", "499,357", "499,364", "495,364"]}, {"word": "Grape", "bbox": ["297,369", "318,369", "318,374", "297,374"]}, {"word": "Orange", "bbox": ["387,364", "411,364", "411,374", "387,374"]}]