[{"word": "12", "bbox": ["105,104", "124,104", "124,120", "105,120"]}, {"word": "OUZO", "bbox": ["96,125", "123,126", "123,132", "96,131"]}, {"word": "Gicerlin", "bbox": ["53,145", "87,146", "87,156", "53,155"]}, {"word": "Su", "bbox": ["96,152", "113,153", "113,158", "96,157"]}, {"word": "0", "bbox": ["117,152", "129,153", "129,157", "117,157"]}, {"word": "wiltan", "bbox": ["132,151", "152,152", "152,159", "132,158"]}, {"word": "Nn", "bbox": ["154,150", "175,151", "175,160", "154,159"]}, {"word": "ntanden,", "bbox": ["71,160", "102,160", "102,167", "71,167"]}, {"word": "in", "bbox": ["105,162", "109,162", "109,167", "105,167"]}, {"word": "der", "bbox": ["112,161", "121,161", "121,167", "112,167"]}, {"word": "Brenneni", "bbox": ["125,161", "153,161", "153,167", "125,167"]}, {"word": "der", "bbox": ["156,160", "164,160", "164,166", "156,166"]}, {"word": "Fe", "bbox": ["167,159", "185,159", "185,165", "167,165"]}, {"word": "Ne", "bbox": ["83,170", "93,170", "93,176", "83,176"]}, {"word": "r", "bbox": ["97,172", "104,172", "104,176", "97,176"]}, {"word": "lede", "bbox": ["107,170", "124,170", "124,179", "107,179"]}, {"word": "werden", "bbox": ["131,171", "153,171", "153,177", "131,177"]}, {"word": "weln", "bbox": ["156,170", "173,170", "173,176", "156,176"]}, {"word": ".", "bbox": ["79,178", "84,178", "84,185", "79,185"]}, {"word": "Mahr", "bbox": ["85,180", "98,180", "98,186", "85,186"]}, {"word": "als", "bbox": ["101,182", "108,182", "108,186", "101,186"]}, {"word": "in", "bbox": ["110,182", "118,182", "118,186", "110,186"]}, {"word": "dihrhudert", "bbox": ["121,181", "156,182", "156,188", "121,187"]}, {"word": "r", "bbox": ["159,181", "175,181", "175,187", "159,187"]}, {"word": "Gesdrack", "bbox": ["70,186", "103,189", "102,197", "69,194"]}, {"word": "O", "bbox": ["111,190", "114,190", "114,197", "111,197"]}, {"word": "ne", "bbox": ["139,190", "144,190", "144,197", "139,197"]}, {"word": "bktn", "bbox": ["0,0", "160,-9", "171,196", "11,205"]}, {"word": "DZo", "bbox": ["34,204", "55,206", "54,215", "33,213"]}, {"word": "die", "bbox": ["58,206", "80,208", "79,217", "57,215"]}, {"word": "Nr", "bbox": ["83,212", "93,213", "93,218", "83,217"]}, {"word": "in", "bbox": ["106,215", "112,215", "112,220", "106,220"]}, {"word": "der", "bbox": ["121,211", "133,212", "132,221", "120,220"]}, {"word": "Welt", "bbox": ["136,212", "155,214", "154,222", "135,220"]}, {"word": "C", "bbox": ["66,217", "69,217", "68,223", "65,223"]}, {"word": "Ba", "bbox": ["78,222", "91,224", "90,227", "78,225"]}, {"word": "lan", "bbox": ["94,222", "111,224", "110,230", "93,228"]}, {"word": "A", "bbox": ["75,240", "84,240", "84,245", "75,245"]}, {"word": "her", "bbox": ["89,242", "100,242", "100,246", "89,246"]}, {"word": "Etrfel", "bbox": ["103,241", "127,242", "127,249", "103,248"]}, {"word": "8E", "bbox": ["31,311", "53,315", "49,334", "28,331"]}, {"word": "Vol", "bbox": ["59,319", "68,320", "65,337", "56,336"]}, {"word": "\"5201", "bbox": ["94,348", "133,346", "134,360", "95,362"]}, {"word": "0156", "bbox": ["142,346", "177,345", "178,361", "143,362"]}, {"word": "aCAND", "bbox": ["55,367", "101,374", "100,383", "54,376"]}, {"word": "GME", "bbox": ["106,375", "115,375", "115,383", "106,383"]}, {"word": "Oheheching", "bbox": ["125,375", "157,374", "157,383", "125,384"]}, {"word": "Minche", "bbox": ["162,373", "180,371", "181,380", "163,382"]}]