[{"word": "BEVERAG", "bbox": ["236,349", "294,381", "285,397", "227,365"]}, {"word": "BEVERAGE", "bbox": ["544,347", "616,387", "605,406", "533,366"]}, {"word": "ORANGE", "bbox": ["430,391", "488,351", "499,366", "441,407"]}, {"word": "ORANGE", "bbox": ["116,404", "177,355", "191,373", "130,422"]}, {"word": "CONTANS", "bbox": ["947,459", "989,459", "989,472", "947,472"]}, {"word": "I8%", "bbox": ["991,459", "1010,459", "1010,472", "991,472"]}, {"word": "JE", "bbox": ["1014,459", "1033,459", "1033,472", "1014,472"]}, {"word": "ENTS", "bbox": ["974,471", "1004,471", "1004,483", "974,483"]}, {"word": "AER", "bbox": ["1008,471", "1034,471", "1034,483", "1008,483"]}, {"word": "ORANGE", "bbox": ["954,483", "989,483", "989,495", "954,495"]}, {"word": "AKE", "bbox": ["993,483", "1013,483", "1013,495", "993,495"]}, {"word": "FRON", "bbox": ["1015,483", "1039,483", "1039,496", "1015,496"]}, {"word": "CONCENTRUL", "bbox": ["950,495", "1006,495", "1006,509", "950,509"]}, {"word": "AR", "bbox": ["1008,495", "1034,495", "1034,509", "1008,509"]}, {"word": "MARURAL", "bbox": ["925,506", "963,506", "963,519", "925,519"]}, {"word": "CARDGH", "bbox": ["968,506", "1002,506", "1002,520", "968,520"]}, {"word": "DOXE", "bbox": ["987,507", "1039,507", "1039,520", "987,520"]}, {"word": "CC", "bbox": ["903,520", "939,520", "939,533", "903,533"]}, {"word": "ACD,", "bbox": ["941,520", "963,520", "963,533", "941,533"]}, {"word": "MATU", "bbox": ["965,520", "984,520", "984,533", "965,533"]}, {"word": "FUAVORS", "bbox": ["983,519", "1043,519", "1043,533", "983,533"]}, {"word": "STORE", "bbox": ["963,539", "991,539", "991,552", "963,552"]}, {"word": "DEA", "bbox": ["993,539", "1012,539", "1012,552", "993,552"]}, {"word": "CLEAN", "bbox": ["1012,541", "1039,541", "1039,552", "1012,552"]}, {"word": "BEVERAGE", "bbox": ["555,463", "631,496", "623,515", "547,481"]}, {"word": "FROM", "bbox": ["639,501", "683,518", "675,537", "632,520"]}, {"word": "CONCENTRATE", "bbox": ["692,521", "803,528", "801,551", "690,544"]}, {"word": "ITALIAN", "bbox": ["260,534", "324,530", "325,551", "261,555"]}, {"word": "SPARKLING", "bbox": ["333,530", "420,499", "427,520", "340,551"]}, {"word": "ORANGE", "bbox": ["434,490", "502,459", "511,478", "443,509"]}, {"word": "SANPELLEGRINO", "bbox": ["264,552", "787,552", "787,631", "264,631"]}, {"word": "ODORLES", "bbox": ["970,562", "1012,562", "1012,576", "970,576"]}, {"word": "FLKE", "bbox": ["1000,562", "1044,562", "1044,576", "1000,576"]}, {"word": "AWAY", "bbox": ["985,576", "1015,576", "1015,589", "985,589"]}, {"word": "FROM", "bbox": ["1017,576", "1038,576", "1038,589", "1017,589"]}, {"word": "DRECT", "bbox": ["970,589", "1001,589", "1001,602", "970,602"]}, {"word": "SUNLIGHT", "bbox": ["1003,589", "1040,589", "1040,602", "1003,602"]}, {"word": "CONTAINS", "bbox": ["43,585", "122,585", "122,597", "43,597"]}, {"word": "18%", "bbox": ["49,599", "130,609", "124,656", "43,646"]}, {"word": "MUTRITION", "bbox": ["946,644", "1000,643", "1000,657", "946,658"]}, {"word": "TACIS", "bbox": ["1002,644", "1026,644", "1026,657", "1002,657"]}, {"word": "Se", "bbox": ["934,659", "949,659", "949,671", "934,671"]}, {"word": "JUICE", "bbox": ["65,650", "105,652", "104,665", "64,663"]}, {"word": "LEST", "bbox": ["30,678", "46,678", "46,688", "30,688"]}, {"word": "REFORE", "bbox": ["50,677", "79,677", "79,688", "50,688"]}, {"word": "SE", "bbox": ["82,678", "95,678", "95,688", "82,688"]}, {"word": "BOLE", "bbox": ["98,678", "124,678", "124,688", "98,688"]}, {"word": "KEG", "bbox": ["127,678", "145,678", "145,687", "127,687"]}, {"word": "It", "bbox": ["933,685", "961,685", "961,698", "933,698"]}, {"word": "e", "bbox": ["963,690", "973,690", "973,698", "963,698"]}, {"word": "Sarcing", "bbox": ["976,686", "1000,686", "1000,698", "976,698"]}, {"word": "6x200", "bbox": ["24,698", "91,698", "91,734", "24,734"]}, {"word": "mL", "bbox": ["94,698", "128,698", "128,734", "94,734"]}, {"word": "BOTTLES", "bbox": ["25,736", "111,738", "110,773", "24,771"]}, {"word": "(1.21)", "bbox": ["119,737", "175,738", "174,771", "118,770"]}, {"word": "6-6.75", "bbox": ["31,775", "95,776", "95,805", "31,804"]}, {"word": "f.oz.", "bbox": ["97,776", "140,777", "140,807", "97,806"]}, {"word": "(200mL)", "bbox": ["142,776", "205,777", "205,807", "142,806"]}, {"word": "GLASS", "bbox": ["38,802", "82,802", "82,828", "38,828"]}, {"word": "BOTTLES", "bbox": ["89,802", "148,802", "148,828", "89,828"]}, {"word": "Iqt,", "bbox": ["40,827", "68,827", "68,852", "40,852"]}, {"word": "8.5", "bbox": ["72,828", "97,828", "97,850", "72,850"]}, {"word": "fl.oz.", "bbox": ["103,826", "139,826", "139,847", "103,847"]}, {"word": "(1.21)", "bbox": ["143,829", "188,829", "188,851", "143,851"]}, {"word": "TOTAL", "bbox": ["194,829", "238,829", "238,848", "194,848"]}, {"word": "OAL", "bbox": ["938,709", "956,710", "955,723", "937,722"]}, {"word": "FM", "bbox": ["959,711", "969,712", "968,724", "958,723"]}, {"word": "PRTE", "bbox": ["932,761", "959,763", "958,775", "931,773"]}, {"word": "ARAKngredients", "bbox": ["394,770", "678,714", "691,777", "407,834"]}, {"word": "PROOUCT", "bbox": ["844,782", "881,783", "881,794", "844,793"]}, {"word": "OF", "bbox": ["884,783", "893,783", "893,793", "884,793"]}, {"word": "IDT", "bbox": ["897,783", "916,784", "916,794", "897,794"]}, {"word": "DISTRIAUTED", "bbox": ["800,803", "850,803", "850,816", "800,816"]}, {"word": "IN", "bbox": ["852,803", "864,803", "864,816", "852,816"]}, {"word": "THE", "bbox": ["866,803", "878,803", "878,816", "866,816"]}, {"word": "USA", "bbox": ["880,803", "902,803", "902,816", "880,816"]}, {"word": "BT", "bbox": ["904,803", "911,803", "911,816", "904,816"]}, {"word": "MESTLE", "bbox": ["855,814", "880,814", "880,825", "855,825"]}, {"word": "WATERS", "bbox": ["884,814", "914,814", "914,825", "884,825"]}, {"word": "NORTH", "bbox": ["827,824", "857,824", "857,836", "827,836"]}, {"word": "AMERKA", "bbox": ["860,824", "892,824", "892,836", "860,836"]}, {"word": "INC", "bbox": ["894,824", "909,824", "909,836", "894,836"]}, {"word": "GRIENWKIC", "bbox": ["821,835", "873,835", "873,847", "821,847"]}, {"word": "CL", "bbox": ["875,834", "886,834", "886,846", "875,846"]}, {"word": "630", "bbox": ["888,834", "914,834", "914,846", "888,846"]}, {"word": "00-255-33", "bbox": ["858,845", "910,845", "910,858", "858,858"]}]