[{"word": "Coca-Cola", "bbox": ["143,315", "210,315", "210,339", "143,339"]}, {"word": "Blak", "bbox": ["142,339", "208,339", "208,375", "142,375"]}, {"word": "Chrbonated", "bbox": ["128,446", "172,447", "172,456", "128,455"]}, {"word": "Fusion", "bbox": ["177,447", "203,448", "203,458", "177,457"]}, {"word": "Beverage", "bbox": ["146,459", "185,461", "185,470", "146,468"]}, {"word": "photo", "bbox": ["6,479", "51,479", "51,495", "6,495"]}, {"word": "by", "bbox": ["59,478", "76,478", "76,495", "59,495"]}, {"word": "Alvin", "bbox": ["85,477", "133,477", "133,495", "85,495"]}, {"word": "Boo", "bbox": ["135,480", "162,480", "162,491", "135,491"]}]