[{"word": "2004", "bbox": ["43,53", "94,68", "87,90", "37,75"]}, {"word": "DOMAINE", "bbox": ["116,42", "156,40", "157,55", "117,57"]}, {"word": "CHANTEMERILE", "bbox": ["104,59", "168,57", "168,65", "104,67"]}, {"word": "2004", "bbox": ["175,70", "207,49", "219,67", "187,88"]}, {"word": "PRODUIT", "bbox": ["101,243", "134,242", "134,246", "101,247"]}, {"word": "DE", "bbox": ["144,241", "151,241", "151,246", "144,246"]}, {"word": "FRANCE", "bbox": ["154,240", "180,239", "180,245", "154,246"]}, {"word": "GRAND", "bbox": ["26,283", "47,283", "47,294", "26,294"]}, {"word": "VIN", "bbox": ["49,283", "59,283", "59,294", "49,294"]}, {"word": "DE", "bbox": ["200,278", "209,278", "209,289", "200,289"]}, {"word": "BOURGODE", "bbox": ["211,277", "234,276", "234,287", "211,288"]}, {"word": "Chablis", "bbox": ["28,330", "245,324", "247,383", "30,389"]}, {"word": "APPELLATION", "bbox": ["72,397", "125,395", "125,405", "72,407"]}, {"word": "CHABLIS", "bbox": ["132,395", "166,393", "166,401", "132,403"]}, {"word": "CONTROLEE", "bbox": ["171,391", "212,389", "213,401", "172,403"]}, {"word": "Mise", "bbox": ["56,425", "76,424", "76,434", "56,435"]}, {"word": "en", "bbox": ["81,425", "91,425", "91,434", "81,434"]}, {"word": "bouteilles", "bbox": ["94,424", "143,422", "143,432", "94,434"]}, {"word": "\u00e0", "bbox": ["148,425", "152,425", "152,431", "148,431"]}, {"word": "la", "bbox": ["158,423", "166,423", "166,431", "158,431"]}, {"word": "propriel\u00e9", "bbox": ["171,422", "213,421", "213,431", "171,432"]}, {"word": "par", "bbox": ["215,421", "223,421", "223,430", "215,430"]}, {"word": "S.CEA.", "bbox": ["56,440", "92,438", "92,447", "56,449"]}, {"word": "du", "bbox": ["94,438", "103,438", "103,446", "94,446"]}, {"word": "DOMAINE", "bbox": ["106,438", "151,436", "151,444", "106,446"]}, {"word": "de", "bbox": ["156,436", "165,436", "165,445", "156,445"]}, {"word": "CHANTEMERE", "bbox": ["169,435", "222,433", "222,442", "169,444"]}, {"word": "A&E", "bbox": ["37,453", "60,452", "60,462", "37,463"]}, {"word": "BOUDIN,", "bbox": ["62,452", "88,451", "88,461", "62,462"]}, {"word": "LA", "bbox": ["90,451", "97,451", "97,461", "90,461"]}, {"word": "CHAPELLE", "bbox": ["100,450", "135,448", "135,459", "100,461"]}, {"word": "VAUPELTEIGNE", "bbox": ["137,448", "187,446", "187,457", "137,459"]}, {"word": "(YONNE", "bbox": ["190,446", "212,445", "212,456", "190,457"]}, {"word": "FIA", "bbox": ["218,445", "227,445", "227,455", "218,455"]}]