[{"word": "LOVEJOY", "bbox": ["47,127", "94,127", "94,144", "47,144"]}, {"word": "LOVEJOY", "bbox": ["219,125", "269,123", "270,137", "220,139"]}, {"word": "LOVEJOY", "bbox": ["407,133", "451,132", "451,142", "407,143"]}, {"word": "LOVEJOY", "bbox": ["131,146", "179,145", "179,155", "131,156"]}, {"word": "LOVEJOY", "bbox": ["316,160", "369,160", "369,171", "316,171"]}, {"word": "VODKA", "bbox": ["333,173", "359,173", "359,184", "333,184"]}, {"word": "Wew", "bbox": ["325,187", "334,187", "334,191", "325,191"]}, {"word": "VODKA", "bbox": ["116,213", "147,212", "147,224", "116,225"]}, {"word": "40%", "bbox": ["157,211", "174,210", "174,223", "157,224"]}, {"word": "VODKA", "bbox": ["301,236", "333,235", "333,245", "301,246"]}, {"word": "40%", "bbox": ["342,234", "359,233", "359,244", "342,245"]}, {"word": "230", "bbox": ["368,234", "380,233", "380,239", "368,240"]}]