[{"word": "\u7687", "bbox": ["121,437", "152,436", "153,458", "122,459"]}, {"word": "\u5ef7", "bbox": ["166,434", "208,433", "209,457", "167,458"]}, {"word": "R", "bbox": ["127,591", "135,592", "134,601", "126,600"]}, {"word": "\u53e3", "bbox": ["137,594", "146,595", "145,603", "136,602"]}, {"word": "\u53ef", "bbox": ["148,596", "157,597", "156,605", "147,604"]}, {"word": "\u7ae0", "bbox": ["159,597", "168,598", "167,606", "158,605"]}, {"word": "\u591a", "bbox": ["172,597", "176,597", "175,605", "171,605"]}, {"word": "\u516c\u53f8", "bbox": ["168,593", "195,590", "197,605", "170,608"]}, {"word": "\u51fa\u54c1", "bbox": ["197,590", "214,588", "216,603", "199,605"]}, {"word": "\u7d05", "bbox": ["30,652", "55,652", "55,677", "30,677"]}, {"word": "\u574a", "bbox": ["59,652", "83,652", "83,677", "59,677"]}, {"word": "\u897f", "bbox": ["87,652", "111,652", "111,676", "87,676"]}, {"word": "\u9910\u5ef3", "bbox": ["116,653", "167,653", "167,677", "116,677"]}, {"word": "http://blog.pixnet.net/malukooo", "bbox": ["24,685", "325,683", "325,703", "24,705"]}]