[{"word": "ABSOLUT", "bbox": ["298,251", "417,250", "417,279", "298,280"]}, {"word": "Countay", "bbox": ["300,272", "354,272", "354,290", "300,290"]}, {"word": "of", "bbox": ["357,272", "370,272", "370,290", "357,290"]}, {"word": "Oweden", "bbox": ["376,272", "411,272", "411,291", "376,291"]}, {"word": "VODKA", "bbox": ["307,286", "401,286", "401,316", "307,316"]}, {"word": "This", "bbox": ["325,318", "347,318", "347,331", "325,331"]}, {"word": "superh", "bbox": ["349,320", "374,320", "374,332", "349,332"]}, {"word": "vdka", "bbox": ["377,320", "396,320", "396,329", "377,329"]}, {"word": "was", "bbox": ["301,333", "319,333", "319,343", "301,343"]}, {"word": "distilled", "bbox": ["321,333", "350,333", "350,344", "321,344"]}, {"word": "fren", "bbox": ["352,334", "372,334", "372,344", "352,344"]}, {"word": "glatin", "bbox": ["374,334", "392,334", "392,344", "374,344"]}, {"word": "g", "bbox": ["394,334", "398,334", "398,344", "394,344"]}, {"word": "in", "bbox": ["289,347", "302,347", "302,358", "289,358"]}, {"word": "the", "bbox": ["304,346", "316,346", "316,358", "304,358"]}, {"word": "sich", "bbox": ["318,346", "332,346", "332,357", "318,357"]}, {"word": "fieldi", "bbox": ["334,345", "354,344", "354,356", "334,357"]}, {"word": "ofdenthein", "bbox": ["356,345", "396,344", "396,355", "356,356"]}, {"word": "ud", "bbox": ["398,343", "414,343", "414,355", "398,355"]}, {"word": "Rhas", "bbox": ["299,359", "323,358", "323,371", "299,372"]}, {"word": "been", "bbox": ["325,358", "341,357", "341,370", "325,371"]}, {"word": "predued.al", "bbox": ["343,358", "386,357", "386,370", "343,371"]}, {"word": "the", "bbox": ["388,357", "397,357", "397,369", "388,369"]}, {"word": "fa", "bbox": ["399,356", "406,356", "406,368", "399,368"]}]