[{"word": "NADE", "bbox": ["111,475", "143,475", "143,486", "111,486"]}, {"word": "IN", "bbox": ["147,475", "159,475", "159,486", "147,486"]}, {"word": "NEW", "bbox": ["166,477", "195,477", "195,485", "166,485"]}, {"word": "HAMPAHIRE", "bbox": ["207,475", "275,475", "275,487", "207,487"]}, {"word": "OUAMSCO", "bbox": ["108,504", "283,510", "281,566", "106,560"]}, {"word": "SOLD", "bbox": ["109,576", "163,576", "163,592", "109,592"]}, {"word": "FASHIONED", "bbox": ["170,576", "248,576", "248,592", "170,592"]}, {"word": "BEVERAGES", "bbox": ["98,600", "276,600", "276,626", "98,626"]}, {"word": "ESTABLIBHED", "bbox": ["120,625", "220,625", "220,636", "120,636"]}, {"word": "183", "bbox": ["230,626", "256,626", "256,632", "230,632"]}, {"word": "Ginger", "bbox": ["94,637", "205,636", "206,694", "95,695"]}, {"word": "Boa", "bbox": ["220,640", "283,639", "284,693", "221,694"]}, {"word": "1n", "bbox": ["134,708", "161,708", "161,719", "134,719"]}, {"word": "al", "bbox": ["163,708", "171,708", "171,719", "163,719"]}, {"word": "www.nhsoda", "bbox": ["173,707", "241,706", "241,718", "173,719"]}, {"word": "com", "bbox": ["245,707", "261,707", "261,718", "245,718"]}]