[{"word": "12PACK", "bbox": ["297,128", "335,132", "334,138", "296,134"]}, {"word": "MJER", "bbox": ["269,138", "295,141", "294,148", "268,145"]}, {"word": "MR", "bbox": ["308,139", "334,142", "333,152", "307,149"]}, {"word": "nge", "bbox": ["251,181", "333,150", "345,182", "263,213"]}, {"word": "FODA", "bbox": ["311,184", "336,172", "339,177", "314,189"]}, {"word": "12", "bbox": ["297,239", "307,239", "307,247", "297,247"]}, {"word": "PACK", "bbox": ["310,237", "332,238", "332,249", "310,248"]}, {"word": "12", "bbox": ["192,124", "188,128", "181,122", "185,117"]}, {"word": "PACK", "bbox": ["184,129", "176,138", "172,134", "180,125"]}, {"word": "MEiJER", "bbox": ["193,211", "196,239", "184,240", "180,213"]}, {"word": "MEije", "bbox": ["197,255", "200,276", "189,277", "186,256"]}, {"word": "Ora", "bbox": ["157,225", "174,287", "144,295", "126,234"]}, {"word": "12", "bbox": ["136,305", "139,327", "123,329", "120,307"]}, {"word": "PACK", "bbox": ["140,329", "142,346", "125,348", "123,331"]}, {"word": "Cafhee", "bbox": ["173,207", "175,228", "169,228", "167,208"]}, {"word": "Free", "bbox": ["176,231", "177,240", "172,240", "171,231"]}]