[{"word": "AS", "bbox": ["1,0", "187,0", "187,151", "1,151"]}, {"word": "COLD'AS", "bbox": ["195,0", "543,0", "543,151", "195,151"]}, {"word": "ICE", "bbox": ["575,0", "719,0", "719,151", "575,151"]}, {"word": "VODKA", "bbox": ["136,317", "175,316", "175,331", "136,332"]}, {"word": "VODKA", "bbox": ["394,316", "437,316", "437,328", "394,328"]}, {"word": "VDDKA", "bbox": ["637,314", "698,313", "698,329", "637,330"]}, {"word": "ICE", "bbox": ["104,352", "217,348", "219,420", "106,424"]}, {"word": "ICE", "bbox": ["361,348", "477,348", "477,420", "361,420"]}, {"word": "ICE", "bbox": ["629,349", "732,348", "733,419", "630,420"]}, {"word": "SERVE", "bbox": ["112,424", "150,423", "150,433", "112,434"]}, {"word": "CHILLED", "bbox": ["160,422", "209,421", "209,432", "160,433"]}, {"word": "SERVE", "bbox": ["375,421", "408,420", "408,430", "375,431"]}, {"word": "CHILLED", "bbox": ["418,420", "466,419", "466,431", "418,432"]}, {"word": "SERVE", "bbox": ["628,420", "666,419", "666,429", "628,430"]}, {"word": "CHILLED", "bbox": ["675,419", "722,418", "722,429", "675,430"]}, {"word": "VODKA", "bbox": ["128,644", "196,644", "196,666", "128,666"]}, {"word": "VODKA", "bbox": ["387,645", "454,646", "453,671", "387,670"]}, {"word": "VODKA", "bbox": ["632,650", "699,650", "699,677", "632,677"]}, {"word": "ICE", "bbox": ["108,751", "219,752", "218,818", "107,817"]}, {"word": "ICE", "bbox": ["362,754", "475,754", "475,819", "362,819"]}, {"word": "ICE", "bbox": ["618,754", "723,757", "721,826", "616,823"]}, {"word": "IRON", "bbox": ["123,884", "161,884", "161,900", "123,900"]}, {"word": "BREW", "bbox": ["168,884", "211,884", "211,900", "168,900"]}, {"word": "LEMON", "bbox": ["394,883", "448,886", "447,904", "393,901"]}, {"word": "CRANBERRY", "bbox": ["622,888", "716,889", "716,906", "622,905"]}, {"word": "27mie", "bbox": ["68,903", "91,904", "91,913", "68,912"]}, {"word": "4%", "bbox": ["236,906", "246,905", "246,912", "236,913"]}, {"word": "AB", "bbox": ["249,905", "261,904", "261,910", "249,911"]}, {"word": "275mie", "bbox": ["322,901", "346,901", "346,910", "322,910"]}, {"word": "4%", "bbox": ["489,908", "499,908", "499,915", "489,915"]}, {"word": "ABK", "bbox": ["501,905", "513,904", "513,913", "501,914"]}, {"word": "Sacrifice", "bbox": ["111,1064", "233,1064", "233,1094", "111,1094"]}, {"word": "yourself", "bbox": ["240,1064", "367,1064", "367,1094", "240,1094"]}, {"word": "to", "bbox": ["369,1064", "408,1064", "408,1094", "369,1094"]}, {"word": "the", "bbox": ["411,1064", "455,1064", "455,1094", "411,1094"]}, {"word": "ew", "bbox": ["476,1064", "523,1064", "523,1094", "476,1094"]}, {"word": "exciting", "bbox": ["258,1097", "376,1097", "376,1129", "258,1129"]}, {"word": "flavours", "bbox": ["379,1097", "503,1097", "503,1129", "379,1129"]}, {"word": "of", "bbox": ["511,1097", "541,1097", "541,1129", "511,1129"]}, {"word": "Vodka", "bbox": ["544,1097", "629,1097", "629,1129", "544,1129"]}, {"word": "lce.", "bbox": ["639,1097", "714,1097", "714,1128", "639,1128"]}]