[{"word": "HOTHES", "bbox": ["170,86", "195,86", "195,97", "170,97"]}, {"word": "ORIGINAL", "bbox": ["168,168", "190,168", "190,174", "168,174"]}, {"word": "MOTHERS", "bbox": ["148,180", "207,179", "207,196", "148,197"]}, {"word": "ROOT", "bbox": ["158,243", "178,243", "178,253", "158,253"]}, {"word": "BEER", "bbox": ["182,243", "197,243", "197,253", "182,253"]}, {"word": "ROOTBEER", "bbox": ["159,285", "196,286", "196,296", "159,295"]}, {"word": "SCAPPS", "bbox": ["168,300", "188,300", "188,304", "168,304"]}]