[{"word": "Dutch", "bbox": ["123,89", "175,84", "177,112", "126,117"]}, {"word": "d", "bbox": ["100,139", "104,139", "104,143", "100,143"]}, {"word": "Taste", "bbox": ["107,138", "119,138", "119,144", "107,144"]}, {"word": "olu", "bbox": ["127,136", "139,136", "139,145", "127,145"]}, {"word": "Fashind", "bbox": ["141,135", "164,134", "164,144", "141,145"]}, {"word": "Co", "bbox": ["166,135", "171,135", "171,144", "166,144"]}, {"word": "Birch", "bbox": ["78,157", "130,158", "130,179", "78,178"]}, {"word": "Beer", "bbox": ["141,161", "180,161", "180,178", "141,178"]}, {"word": "MET", "bbox": ["89,195", "99,195", "99,201", "89,201"]}, {"word": "CON", "bbox": ["102,194", "116,194", "116,205", "102,205"]}, {"word": "TENTS", "bbox": ["118,194", "138,194", "138,205", "118,205"]}, {"word": "12", "bbox": ["141,197", "147,197", "147,203", "141,203"]}, {"word": "FL", "bbox": ["150,196", "155,196", "155,202", "150,202"]}, {"word": "(354", "bbox": ["116,206", "129,206", "129,213", "116,213"]}, {"word": "ml)", "bbox": ["133,206", "143,206", "143,212", "133,212"]}]