[{"word": "Gerbs", "bbox": ["359,55", "438,56", "438,86", "359,85"]}, {"word": "Pumpkin", "bbox": ["356,84", "443,86", "442,108", "355,106"]}, {"word": "Seeds", "bbox": ["374,101", "421,102", "420,121", "373,120"]}, {"word": "White", "bbox": ["100,112", "147,104", "151,130", "104,138"]}, {"word": "Birch", "bbox": ["151,104", "196,97", "201,122", "155,130"]}, {"word": "Nskacks", "bbox": ["149,128", "197,120", "200,136", "152,145"]}, {"word": "ch", "bbox": ["353,134", "386,134", "386,142", "353,142"]}, {"word": "of", "bbox": ["394,134", "411,134", "411,142", "394,142"]}, {"word": "salt", "bbox": ["417,129", "450,129", "450,145", "417,145"]}, {"word": "ernels", "bbox": ["399,144", "432,144", "432,150", "399,150"]}, {"word": "DIJARDING", "bbox": ["236,159", "315,152", "317,184", "239,191"]}, {"word": "pie", "bbox": ["540,153", "559,155", "558,164", "539,162"]}, {"word": "Roted", "bbox": ["562,156", "597,160", "596,169", "561,165"]}, {"word": "Almonds", "bbox": ["539,161", "584,167", "582,176", "538,170"]}, {"word": "tive", "bbox": ["405,161", "420,164", "418,171", "404,168"]}, {"word": "s", "bbox": ["422,167", "435,169", "434,173", "421,171"]}, {"word": "SPITTI", "bbox": ["41,182", "78,175", "82,194", "44,201"]}, {"word": "Nuts", "bbox": ["114,209", "145,203", "149,219", "117,226"]}, {"word": "NBerries", "bbox": ["151,201", "204,190", "207,207", "154,218"]}, {"word": "OLE", "bbox": ["241,204", "264,203", "265,218", "242,219"]}, {"word": "CHIPOTU", "bbox": ["267,202", "307,200", "308,216", "268,218"]}, {"word": "AING", "bbox": ["336,209", "370,209", "370,220", "336,220"]}, {"word": "CAN", "bbox": ["372,209", "386,209", "386,220", "372,220"]}, {"word": "NET", "bbox": ["143,229", "154,227", "155,233", "144,235"]}, {"word": "WTON", "bbox": ["157,227", "189,220", "190,224", "158,231"]}, {"word": "CAIC", "bbox": ["445,237", "486,243", "484,251", "444,246"]}, {"word": "sterd", "bbox": ["459,254", "488,258", "487,263", "458,259"]}]