[{"word": "Coca-Cola", "bbox": ["219,147", "281,150", "280,181", "218,178"]}, {"word": "Coca-Cola", "bbox": ["9,202", "41,201", "41,214", "10,215"]}, {"word": "ocCola", "bbox": ["372,245", "394,228", "399,234", "377,251"]}, {"word": "Cola", "bbox": ["120,269", "146,263", "149,273", "123,280"]}, {"word": "Coca-Cola", "bbox": ["397,282", "413,296", "406,303", "390,289"]}, {"word": "CocaCola", "bbox": ["422,305", "450,295", "454,306", "426,316"]}, {"word": "oca-Cola", "bbox": ["54,361", "87,352", "89,361", "56,370"]}, {"word": "Coca-Cola", "bbox": ["240,354", "213,367", "208,357", "235,343"]}, {"word": "Coca-Cola", "bbox": ["164,64", "182,84", "173,93", "154,73"]}, {"word": "CoCola", "bbox": ["307,269", "324,292", "314,300", "297,277"]}, {"word": "Co", "bbox": ["299,315", "301,327", "292,329", "289,317"]}, {"word": "CocaCola", "bbox": ["275,340", "298,365", "289,374", "265,349"]}, {"word": "Coca-Cola", "bbox": ["62,286", "82,312", "69,322", "49,296"]}]