[{"word": "A", "bbox": ["293,2", "321,3", "320,43", "292,42"]}, {"word": "BODA", "bbox": ["351,4", "430,7", "429,48", "350,45"]}, {"word": "FO", "bbox": ["421,7", "479,9", "478,49", "420,47"]}, {"word": "OVLA", "bbox": ["293,49", "453,70", "444,136", "284,114"]}, {"word": "ORAN", "bbox": ["93,92", "199,73", "205,104", "98,123"]}, {"word": "BRAND", "bbox": ["342,126", "388,131", "387,138", "341,133"]}, {"word": "GINGER", "bbox": ["292,139", "380,150", "376,181", "288,170"]}, {"word": "ALE", "bbox": ["391,152", "426,156", "422,187", "387,183"]}, {"word": ".HARE", "bbox": ["328,198", "358,202", "357,206", "327,202"]}, {"word": "MARR", "bbox": ["368,204", "395,208", "394,212", "367,208"]}, {"word": "LEWORKS", "bbox": ["319,232", "448,170", "467,209", "338,271"]}, {"word": "12", "bbox": ["314,262", "338,266", "335,281", "311,277"]}, {"word": "QUNCES", "bbox": ["338,268", "387,277", "386,286", "336,278"]}]