[{"word": "Since", "bbox": ["99,53", "136,53", "136,66", "99,66"]}, {"word": "1919", "bbox": ["141,54", "171,54", "171,67", "141,67"]}, {"word": "AW", "bbox": ["22,156", "189,68", "234,152", "66,240"]}, {"word": "ROOT", "bbox": ["49,264", "98,276", "95,290", "46,278"]}, {"word": "BEER", "bbox": ["149,276", "206,267", "209,286", "152,295"]}, {"word": "12", "bbox": ["77,345", "86,346", "86,354", "77,353"]}, {"word": "FL", "bbox": ["90,347", "100,348", "99,357", "89,356"]}, {"word": "OZ", "bbox": ["104,349", "117,350", "116,359", "103,358"]}, {"word": "(355", "bbox": ["120,348", "142,349", "141,362", "119,361"]}, {"word": "m)", "bbox": ["146,348", "163,349", "162,359", "145,358"]}]