[{"word": "GUINNES", "bbox": ["29,134", "130,116", "135,143", "34,161"]}, {"word": "ESS", "bbox": ["274,121", "307,121", "307,139", "274,139"]}, {"word": "GUINNESS", "bbox": ["377,121", "484,138", "480,161", "373,144"]}, {"word": "1759", "bbox": ["154,155", "177,158", "176,165", "153,162"]}, {"word": "2009", "bbox": ["207,159", "234,156", "235,163", "208,166"]}, {"word": "AUGHT", "bbox": ["406,156", "445,161", "444,167", "405,162"]}, {"word": "GUINNESS", "bbox": ["136,161", "247,161", "247,197", "136,197"]}, {"word": "BRAUGHT", "bbox": ["72,163", "112,155", "113,160", "73,168"]}, {"word": "EWED", "bbox": ["166,199", "190,199", "190,205", "166,205"]}, {"word": "IN", "bbox": ["193,202", "199,202", "199,205", "193,205"]}, {"word": "DUBLIN", "bbox": ["202,199", "225,199", "225,206", "202,206"]}]