[{"word": "GUIRAD", "bbox": ["227,-3", "295,11", "288,42", "221,27"]}, {"word": "2000", "bbox": ["138,109", "171,111", "170,125", "137,123"]}, {"word": "DE", "bbox": ["86,242", "100,236", "103,245", "89,250"]}, {"word": "BORC", "bbox": ["105,235", "122,228", "125,237", "109,244"]}, {"word": "CHATEAU", "bbox": ["0,307", "98,252", "114,282", "17,337"]}, {"word": "GUIR", "bbox": ["103,249", "137,230", "153,259", "119,278"]}, {"word": "CRU", "bbox": ["94,290", "131,269", "139,282", "101,303"]}, {"word": "SAUTERNES", "bbox": ["94,308", "148,276", "157,291", "103,323"]}, {"word": "Saterses", "bbox": ["113,320", "153,294", "160,304", "119,330"]}, {"word": "C", "bbox": ["156,294", "160,291", "166,300", "161,302"]}, {"word": "GRAD", "bbox": ["331,192", "347,178", "351,183", "336,197"]}, {"word": "CH\u00c2TEAUG", "bbox": ["319,217", "366,175", "381,192", "334,234"]}, {"word": "1996", "bbox": ["137,328", "158,316", "163,325", "142,337"]}, {"word": "CHATEAU", "bbox": ["193,303", "248,252", "264,269", "209,320"]}, {"word": "GUR", "bbox": ["254,250", "269,236", "280,249", "266,262"]}, {"word": "1\"", "bbox": ["253,278", "266,267", "272,273", "259,285"]}, {"word": "CRU", "bbox": ["265,268", "275,259", "280,264", "270,273"]}, {"word": "SAUTERNES", "bbox": ["258,291", "288,262", "295,269", "265,298"]}, {"word": "IN", "bbox": ["106,378", "121,367", "126,375", "112,386"]}, {"word": "SOUTEILLE", "bbox": ["124,363", "168,331", "175,341", "131,373"]}, {"word": "AV", "bbox": ["169,331", "180,323", "186,331", "175,339"]}, {"word": "CT", "bbox": ["182,322", "193,314", "200,323", "189,331"]}, {"word": "d", "bbox": ["352,244", "356,241", "362,248", "358,251"]}, {"word": "Appet", "bbox": ["357,238", "372,226", "378,234", "363,246"]}, {"word": "Ms", "bbox": ["369,267", "383,253", "389,259", "375,273"]}, {"word": "EN", "bbox": ["385,250", "391,244", "396,250", "391,256"]}, {"word": "CLASSE", "bbox": ["189,271", "202,251", "211,257", "198,277"]}, {"word": "C", "bbox": ["312,205", "318,196", "323,199", "317,208"]}, {"word": "CLAS", "bbox": ["320,191", "328,179", "333,183", "326,195"]}, {"word": "Agpe", "bbox": ["236,330", "254,312", "259,318", "242,336"]}, {"word": "en", "bbox": ["266,302", "274,294", "279,299", "271,307"]}, {"word": "Sautertes", "bbox": ["276,290", "295,271", "301,276", "282,296"]}, {"word": "MIS", "bbox": ["263,353", "276,339", "280,343", "267,357"]}, {"word": "E", "bbox": ["279,336", "283,332", "287,336", "283,340"]}, {"word": "BOUTEKLE", "bbox": ["288,325", "312,298", "318,303", "293,330"]}, {"word": "A", "bbox": ["315,296", "317,294", "321,298", "319,300"]}, {"word": "CN", "bbox": ["322,289", "327,284", "331,288", "326,293"]}, {"word": "SLT", "bbox": ["370,217", "387,197", "392,202", "375,222"]}]