[{"word": "PA", "bbox": ["574,329", "595,328", "595,339", "575,340"]}, {"word": "SHA", "bbox": ["605,328", "625,327", "625,338", "606,339"]}, {"word": "ENT", "bbox": ["597,338", "617,337", "618,346", "598,347"]}, {"word": "SHEPHERD", "bbox": ["527,617", "639,565", "653,597", "542,649"]}, {"word": "REMIUM", "bbox": ["583,659", "679,654", "680,673", "584,678"]}, {"word": "NEAME", "bbox": ["651,577", "702,621", "687,638", "636,594"]}, {"word": "SPITFIRE", "bbox": ["488,662", "705,664", "704,748", "487,746"]}, {"word": "KENTISH", "bbox": ["532,751", "642,754", "642,767", "532,764"]}, {"word": "TBOTTL", "bbox": ["541,778", "607,835", "591,853", "526,795"]}, {"word": "BRITAIN", "bbox": ["619,838", "675,769", "697,786", "641,856"]}]