[{"word": "STOUX", "bbox": ["434,33", "495,33", "495,66", "434,66"]}, {"word": "CITY", "bbox": ["503,32", "554,32", "554,70", "503,70"]}, {"word": "SIOUX", "bbox": ["176,612", "275,612", "275,677", "176,677"]}, {"word": "CITY.", "bbox": ["290,612", "389,612", "389,687", "290,687"]}, {"word": "ASAFANI", "bbox": ["95,694", "386,656", "400,769", "110,807"]}, {"word": "GRANDDADDY", "bbox": ["162,987", "266,987", "266,1013", "162,1013"]}, {"word": "OF", "bbox": ["273,993", "295,993", "295,1012", "273,1012"]}, {"word": "ALL", "bbox": ["301,993", "332,993", "332,1012", "301,1012"]}, {"word": "ROOT", "bbox": ["336,987", "379,987", "379,1013", "336,1013"]}, {"word": "BEERS", "bbox": ["381,987", "420,987", "420,1013", "381,1013"]}, {"word": "12", "bbox": ["126,997", "142,1000", "139,1018", "123,1016"]}, {"word": "FL.", "bbox": ["144,999", "162,1002", "158,1022", "141,1019"]}, {"word": "OZ.", "bbox": ["163,1007", "182,1010", "180,1023", "161,1020"]}, {"word": "(355", "bbox": ["186,1011", "212,1015", "209,1030", "183,1026"]}, {"word": "mL)", "bbox": ["218,1012", "241,1016", "238,1034", "215,1030"]}, {"word": "CAFFEINE", "bbox": ["331,1016", "396,1007", "399,1024", "333,1033"]}, {"word": "FREE", "bbox": ["400,1007", "426,1003", "428,1018", "402,1022"]}]