[{"word": "AG", "bbox": ["259,229", "275,229", "275,242", "259,242"]}, {"word": "SUA", "bbox": ["178,227", "205,228", "204,243", "177,242"]}, {"word": "ANICA", "bbox": ["174,242", "208,243", "208,256", "174,255"]}, {"word": "TON", "bbox": ["261,243", "280,243", "280,257", "261,257"]}, {"word": "CANADA", "bbox": ["195,421", "274,422", "274,439", "195,438"]}, {"word": "DRY", "bbox": ["222,441", "254,439", "255,456", "223,458"]}, {"word": "AGUA", "bbox": ["147,479", "213,490", "209,518", "142,508"]}, {"word": "TONIC", "bbox": ["225,492", "292,478", "298,508", "231,522"]}]