[{"word": "Original", "bbox": ["226,125", "328,127", "327,159", "225,157"]}, {"word": "TONIC", "bbox": ["164,164", "253,161", "255,206", "166,209"]}, {"word": "WATER", "bbox": ["266,158", "379,154", "381,202", "268,206"]}, {"word": "LASKEDRYCK", "bbox": ["215,203", "272,202", "272,215", "215,216"]}, {"word": "MED", "bbox": ["275,202", "299,201", "299,212", "275,213"]}, {"word": "KININ", "bbox": ["302,201", "330,200", "330,213", "302,214"]}, {"word": "esooml", "bbox": ["166,260", "231,245", "237,269", "171,283"]}]