[{"word": "Coke", "bbox": ["230,177", "276,177", "276,198", "230,198"]}, {"word": "Tradem", "bbox": ["232,196", "253,196", "253,202", "232,202"]}, {"word": "MINIMUM", "bbox": ["212,416", "265,403", "269,415", "215,429"]}, {"word": "325mL", "bbox": ["203,426", "267,411", "272,430", "208,445"]}, {"word": "O", "bbox": ["286,485", "294,485", "294,493", "286,493"]}, {"word": "Lord", "bbox": ["300,483", "323,483", "323,494", "300,494"]}, {"word": "Dethan", "bbox": ["329,485", "370,485", "370,494", "329,494"]}, {"word": "Coca-Cola", "bbox": ["202,70", "196,445", "71,443", "77,68"]}, {"word": "Trademark", "bbox": ["195,231", "197,186", "205,186", "203,231"]}, {"word": "Regd.", "bbox": ["197,181", "198,157", "208,157", "207,181"]}]