[{"word": "TRADITIONAL", "bbox": ["168,-3", "276,68", "254,101", "146,30"]}, {"word": "CATE", "bbox": ["38,94", "80,131", "55,159", "13,122"]}, {"word": "DUBLI", "bbox": ["81,132", "121,168", "97,195", "57,159"]}, {"word": "BR", "bbox": ["251,112", "231,142", "218,133", "238,103"]}, {"word": "59", "bbox": ["202,112", "203,126", "192,127", "191,113"]}, {"word": "17", "bbox": ["191,55", "193,65", "181,67", "179,57"]}, {"word": "GUINNESS", "bbox": ["155,10", "189,171", "143,181", "109,20"]}, {"word": "EXTRA", "bbox": ["124,42", "135,96", "119,99", "107,45"]}, {"word": "STOUT", "bbox": ["136,104", "147,157", "130,160", "119,107"]}, {"word": "SIAMESS", "bbox": ["107,39", "46,105", "22,82", "83,17"]}, {"word": "INMORTED", "bbox": ["86,94", "92,123", "87,125", "80,95"]}, {"word": "TEA", "bbox": ["82,106", "87,132", "80,134", "75,107"]}]