[{"word": "AIl", "bbox": ["88,328", "94,328", "94,335", "88,335"]}, {"word": "Kataral", "bbox": ["96,326", "114,327", "114,337", "96,336"]}, {"word": "lolli's", "bbox": ["63,344", "126,344", "126,367", "63,367"]}, {"word": "GHIERRY", "bbox": ["36,431", "135,403", "145,439", "46,467"]}, {"word": "POP", "bbox": ["65,435", "179,442", "175,501", "61,494"]}, {"word": "Energy", "bbox": ["67,501", "119,500", "119,520", "67,521"]}, {"word": "Drink", "bbox": ["121,500", "162,499", "162,519", "121,520"]}]