[{"word": "\u5317\u4eac", "bbox": ["18,390", "64,389", "64,413", "18,414"]}, {"word": "\u6613", "bbox": ["184,388", "216,389", "215,411", "183,410"]}, {"word": "\u9650", "bbox": ["216,389", "235,390", "234,412", "215,411"]}, {"word": "\u516c\u53f8", "bbox": ["249,390", "285,391", "284,413", "248,412"]}, {"word": "VODKA", "bbox": ["82,595", "136,597", "134,630", "81,628"]}, {"word": "MINSKAYA", "bbox": ["80,629", "234,631", "233,690", "79,688"]}, {"word": "Kristall", "bbox": ["185,690", "224,690", "224,704", "185,704"]}, {"word": "alibaba.com.cn", "bbox": ["220,785", "305,786", "305,795", "220,794"]}]