[{"word": "LAGUNITASS", "bbox": ["234,47", "390,75", "381,122", "226,94"]}, {"word": "MATIN", "bbox": ["218,76", "356,98", "336,222", "198,200"]}, {"word": "IPA", "bbox": ["207,199", "235,204", "231,222", "204,217"]}, {"word": "MAXIMUS", "bbox": ["246,208", "331,224", "329,239", "243,223"]}, {"word": "ALE", "bbox": ["341,224", "362,228", "358,246", "338,242"]}, {"word": "6", "bbox": ["216,220", "220,221", "219,226", "215,226"]}, {"word": "LINO", "bbox": ["222,221", "231,222", "230,228", "221,227"]}, {"word": "Al.", "bbox": ["270,232", "277,233", "276,239", "269,238"]}, {"word": "S", "bbox": ["282,234", "288,235", "287,240", "281,239"]}, {"word": "Be", "bbox": ["297,238", "303,239", "302,243", "296,242"]}, {"word": "L", "bbox": ["306,239", "314,241", "313,245", "305,244"]}, {"word": "BEWED", "bbox": ["245,239", "270,243", "268,250", "244,246"]}, {"word": "AND", "bbox": ["274,244", "283,246", "282,252", "273,251"]}, {"word": "BOTLED", "bbox": ["287,247", "313,252", "311,258", "286,254"]}, {"word": "BY", "bbox": ["314,251", "319,252", "318,259", "313,258"]}, {"word": "THE", "bbox": ["321,253", "330,255", "329,260", "320,259"]}, {"word": "LAGUNITAS", "bbox": ["220,244", "268,253", "267,261", "218,253"]}, {"word": "BREWING", "bbox": ["272,253", "310,260", "309,269", "270,262"]}, {"word": "COMPANY", "bbox": ["315,260", "346,265", "344,275", "313,270"]}, {"word": "PETALUMA,", "bbox": ["247,260", "283,266", "282,275", "245,269"]}, {"word": "CALIFORNIA", "bbox": ["287,266", "324,272", "323,282", "285,276"]}]