[{"word": "ILLE", "bbox": ["164,50", "190,49", "190,56", "164,57"]}, {"word": "DE", "bbox": ["173,108", "191,109", "190,116", "172,115"]}, {"word": "E", "bbox": ["193,110", "207,111", "206,118", "192,117"]}, {"word": "ND", "bbox": ["146,219", "164,215", "165,221", "147,225"]}, {"word": "VIN", "bbox": ["165,215", "172,214", "173,219", "166,221"]}, {"word": "CHATEAU", "bbox": ["158,269", "199,270", "199,277", "158,276"]}, {"word": "DE", "bbox": ["176,279", "183,279", "183,282", "176,282"]}, {"word": "MALLE", "bbox": ["159,284", "202,285", "202,294", "159,293"]}, {"word": "NAUTERNES", "bbox": ["154,301", "207,302", "207,312", "154,311"]}, {"word": "1998", "bbox": ["174,317", "187,317", "187,322", "174,322"]}]