[{"word": "leau", "bbox": ["330,183", "418,187", "416,233", "328,229"]}, {"word": "d'um", "bbox": ["429,187", "533,191", "531,237", "427,233"]}, {"word": "Lur", "bbox": ["353,233", "403,234", "403,267", "353,266"]}, {"word": "eSalucs", "bbox": ["406,233", "500,234", "500,268", "406,267"]}, {"word": "au", "bbox": ["115,231", "153,233", "152,250", "114,248"]}, {"word": "d", "bbox": ["141,232", "172,233", "171,250", "140,249"]}, {"word": "1899", "bbox": ["386,275", "448,276", "448,294", "386,293"]}]