[{"word": "Adgestone", "bbox": ["131,234", "225,235", "225,267", "131,266"]}, {"word": "2006", "bbox": ["173,264", "189,264", "189,270", "173,270"]}, {"word": "TABLE", "bbox": ["158,276", "178,276", "178,281", "158,281"]}, {"word": "WINE", "bbox": ["185,277", "199,277", "199,281", "185,281"]}, {"word": "RODUCED", "bbox": ["140,303", "174,303", "174,310", "140,310"]}, {"word": "&", "bbox": ["176,304", "179,304", "179,308", "176,308"]}, {"word": "BOTTLED", "bbox": ["182,304", "208,304", "208,310", "182,310"]}, {"word": "AT", "bbox": ["210,303", "215,303", "215,310", "210,310"]}, {"word": "ONE", "bbox": ["131,308", "144,308", "144,314", "131,314"]}, {"word": "VINEYARD", "bbox": ["146,310", "174,310", "174,315", "146,315"]}, {"word": "SANDORN", "bbox": ["178,309", "206,309", "206,315", "178,315"]}, {"word": "ISLE", "bbox": ["211,309", "220,309", "220,315", "211,315"]}]