[{"word": "APO", "bbox": ["24,208", "43,204", "44,209", "25,213"]}, {"word": "ABSOLUT", "bbox": ["28,278", "103,272", "105,295", "30,301"]}, {"word": "ABSOLU.", "bbox": ["117,270", "190,264", "192,288", "119,294"]}, {"word": "RASPBERR", "bbox": ["30,300", "105,294", "106,314", "32,320"]}, {"word": "MANDRI", "bbox": ["120,293", "182,288", "183,308", "122,313"]}, {"word": "Iyellow", "bbox": ["196,266", "229,265", "229,273", "196,274"]}, {"word": "tall", "bbox": ["234,265", "244,265", "244,272", "234,272"]}, {"word": "CHAROON", "bbox": ["203,279", "231,279", "231,282", "203,282"]}, {"word": "unty", "bbox": ["33,296", "66,296", "66,305", "33,305"]}, {"word": "BAILE", "bbox": ["250,301", "292,294", "295,311", "253,318"]}, {"word": "YODK", "bbox": ["298,309", "318,313", "317,318", "297,315"]}, {"word": "LUDSH", "bbox": ["291,316", "317,320", "315,329", "290,325"]}, {"word": "AKAL", "bbox": ["255,318", "273,313", "275,319", "257,324"]}, {"word": "Ainga", "bbox": ["40,353", "68,355", "67,364", "39,362"]}, {"word": "y", "bbox": ["46,368", "50,368", "50,375", "46,375"]}, {"word": "at", "bbox": ["54,369", "64,369", "64,376", "54,376"]}, {"word": "IMPORIE", "bbox": ["136,389", "175,384", "176,393", "137,398"]}, {"word": "IMPORTED", "bbox": ["58,401", "93,395", "94,405", "60,411"]}]