[{"word": "\u5e7f\u5dde", "bbox": ["29,462", "116,462", "116,505", "29,505"]}, {"word": "\u5361", "bbox": ["118,462", "146,462", "146,505", "118,505"]}, {"word": "\u529b", "bbox": ["152,466", "182,466", "182,500", "152,500"]}, {"word": "\u62c9", "bbox": ["189,466", "223,466", "223,500", "189,500"]}, {"word": "\u8d38\u6613", "bbox": ["225,462", "296,462", "296,505", "225,505"]}, {"word": "\u6709\u9650\u516c\u53f8", "bbox": ["303,462", "455,462", "455,506", "303,506"]}, {"word": "ZUBR", "bbox": ["135,653", "346,652", "346,748", "135,749"]}, {"word": "Tremium", "bbox": ["189,730", "342,729", "342,772", "189,773"]}, {"word": "AE.S.P", "bbox": ["141,823", "181,835", "176,851", "136,839"]}, {"word": "9,32", "bbox": ["314,834", "342,815", "353,831", "325,850"]}, {"word": "alibaba.com.cn", "bbox": ["345,940", "465,941", "465,952", "345,951"]}, {"word": "CHUTI", "bbox": ["302,590", "344,642", "328,655", "286,603"]}, {"word": "PREMIUM", "bbox": ["156,761", "200,826", "184,838", "139,772"]}, {"word": "QUALITY", "bbox": ["291,828", "326,763", "340,770", "305,836"]}]