[{"word": "BILLA", "bbox": ["230,39", "257,40", "257,50", "230,49"]}, {"word": "ZONE", "bbox": ["264,40", "293,41", "293,50", "264,49"]}, {"word": "BushOnCrack.com", "bbox": ["304,150", "399,160", "399,168", "303,158"]}, {"word": "00", "bbox": ["279,167", "300,169", "299,179", "278,177"]}, {"word": "IBC", "bbox": ["119,200", "191,212", "187,233", "116,221"]}, {"word": "CREAM", "bbox": ["128,227", "170,233", "168,246", "126,240"]}, {"word": "SODA", "bbox": ["175,234", "208,239", "206,253", "173,248"]}]