[{"word": "A", "bbox": ["257,41", "273,41", "273,68", "257,68"]}, {"word": "Seleetion", "bbox": ["278,46", "369,45", "369,62", "278,63"]}, {"word": "of", "bbox": ["381,45", "396,45", "396,61", "381,61"]}, {"word": "Ales", "bbox": ["415,43", "451,43", "451,61", "415,61"]}, {"word": "to", "bbox": ["463,47", "479,47", "479,60", "463,60"]}, {"word": "Savour", "bbox": ["491,47", "564,46", "564,59", "491,60"]}, {"word": "from", "bbox": ["576,41", "624,40", "624,57", "576,58"]}, {"word": "England's", "bbox": ["637,38", "741,37", "741,62", "637,63"]}, {"word": "Finest", "bbox": ["753,37", "814,36", "814,57", "753,58"]}, {"word": "Breweries", "bbox": ["828,35", "938,34", "938,57", "828,58"]}, {"word": "LAKELAND", "bbox": ["985,242", "1055,240", "1056,262", "986,264"]}, {"word": "HAKSPEAR", "bbox": ["444,423", "579,429", "577,469", "442,463"]}, {"word": "HOBGOBLI", "bbox": ["302,484", "443,483", "443,522", "302,523"]}, {"word": "MARS", "bbox": ["592,490", "652,464", "668,498", "607,525"]}, {"word": "BRAKSPEAR", "bbox": ["747,488", "910,487", "910,529", "747,530"]}, {"word": "JENNINGS", "bbox": ["952,485", "1031,487", "1030,507", "951,505"]}, {"word": "THUMPER", "bbox": ["168,521", "291,512", "293,547", "171,557"]}, {"word": "ORD", "bbox": ["471,506", "528,507", "527,534", "470,533"]}, {"word": "GOLD", "bbox": ["543,508", "587,509", "586,536", "542,535"]}, {"word": "CUMBERIAND", "bbox": ["918,517", "1068,521", "1067,553", "917,549"]}, {"word": "BOUBLE", "bbox": ["773,530", "823,529", "823,545", "773,546"]}, {"word": "DROPFE", "bbox": ["830,528", "887,527", "887,544", "830,545"]}, {"word": "Pedigree", "bbox": ["570,540", "743,542", "742,601", "569,599"]}, {"word": "BITTER", "bbox": ["780,542", "885,543", "884,603", "779,602"]}, {"word": "12x500ml", "bbox": ["147,790", "251,795", "250,817", "146,812"]}, {"word": "hntties", "bbox": ["253,795", "317,798", "316,820", "252,817"]}, {"word": "(2", "bbox": ["321,802", "353,804", "352,819", "320,817"]}, {"word": "each", "bbox": ["358,803", "401,805", "400,820", "357,818"]}, {"word": "shown)", "bbox": ["406,804", "467,807", "466,824", "405,821"]}, {"word": "Classic", "bbox": ["479,949", "807,960", "804,1031", "477,1020"]}, {"word": "Ales", "bbox": ["835,960", "1051,967", "1049,1038", "833,1031"]}, {"word": "of", "bbox": ["507,1064", "602,1068", "599,1138", "504,1134"]}, {"word": "England", "bbox": ["633,1069", "1014,1087", "1009,1178", "629,1160"]}, {"word": "12", "bbox": ["587,1185", "680,1192", "676,1252", "583,1246"]}, {"word": "pack", "bbox": ["712,1183", "924,1198", "918,1287", "706,1272"]}, {"word": "\u00a314", "bbox": ["548,1310", "962,1324", "956,1502", "542,1488"]}, {"word": "THUMP", "bbox": ["269,1325", "336,1327", "335,1349", "268,1347"]}, {"word": "WOR", "bbox": ["368,1320", "408,1310", "412,1327", "373,1337"]}, {"word": "\u0935\u093f", "bbox": ["275,1500", "332,1505", "330,1520", "274,1515"]}, {"word": "12x500ml", "bbox": ["632,1565", "852,1572", "851,1603", "631,1596"]}]