[{"word": "MA", "bbox": ["127,98", "173,53", "200,81", "154,126"]}, {"word": "BURTON", "bbox": ["152,138", "300,138", "300,160", "152,160"]}, {"word": "ONS", "bbox": ["276,56", "328,98", "302,130", "250,88"]}, {"word": "BITTER", "bbox": ["135,169", "303,169", "303,222", "135,222"]}, {"word": "ESTABLISHED", "bbox": ["192,239", "264,238", "264,245", "192,246"]}, {"word": "1834", "bbox": ["216,250", "240,249", "240,255", "216,256"]}, {"word": "ALC.", "bbox": ["176,253", "203,278", "197,285", "169,260"]}, {"word": "VoL.", "bbox": ["254,273", "283,250", "289,258", "260,281"]}, {"word": "3.8%", "bbox": ["209,277", "250,276", "250,291", "209,292"]}, {"word": "WESTON", "bbox": ["190,284", "219,294", "215,307", "186,296"]}, {"word": "S", "bbox": ["220,298", "222,299", "220,305", "218,305"]}, {"word": "HARSTON", "bbox": ["448,325", "494,303", "503,322", "457,344"]}, {"word": "OICIA", "bbox": ["465,346", "483,369", "477,374", "459,351"]}]