[{"word": "25L", "bbox": ["256,230", "272,241", "266,250", "250,239"]}, {"word": "arls", "bbox": ["61,221", "124,218", "126,255", "63,258"]}, {"word": "berg", "bbox": ["126,217", "181,214", "183,252", "128,255"]}, {"word": "Schweppes", "bbox": ["267,327", "360,303", "368,333", "275,357"]}, {"word": "INDIAN", "bbox": ["268,361", "310,364", "309,380", "267,377"]}, {"word": "TONIC", "bbox": ["315,364", "353,367", "352,384", "314,381"]}, {"word": "WATER", "bbox": ["288,377", "327,379", "326,393", "287,391"]}]