[{"word": "JAR", "bbox": ["162,42", "207,42", "207,58", "162,58"]}, {"word": "AVIRH", "bbox": ["207,72", "161,73", "161,57", "207,56"]}, {"word": "GUINNESS", "bbox": ["169,72", "224,72", "224,95", "169,95"]}, {"word": "INNESS", "bbox": ["1,106", "50,106", "50,127", "1,127"]}, {"word": "GUI", "bbox": ["338,183", "374,192", "369,213", "333,203"]}, {"word": "THOMAS", "bbox": ["180,291", "208,282", "211,292", "183,301"]}, {"word": "GRE", "bbox": ["210,279", "232,272", "235,282", "213,289"]}, {"word": "OWN", "bbox": ["200,312", "223,293", "230,301", "206,320"]}, {"word": "RELAND", "bbox": ["163,315", "197,336", "189,350", "155,329"]}, {"word": "BEER", "bbox": ["187,466", "149,470", "148,461", "186,457"]}]