[{"word": "Coke", "bbox": ["51,195", "125,196", "125,252", "51,251"]}, {"word": "Coke", "bbox": ["354,250", "415,251", "414,288", "353,287"]}, {"word": "Coca-Cola", "bbox": ["208,274", "282,276", "281,312", "207,310"]}, {"word": "TRAE", "bbox": ["367,286", "378,286", "378,288", "367,288"]}, {"word": "MA", "bbox": ["381,287", "391,287", "391,289", "381,289"]}, {"word": "o", "bbox": ["394,286", "404,286", "404,289", "394,289"]}, {"word": "kn", "bbox": ["215,307", "227,307", "227,312", "215,312"]}, {"word": "TA", "bbox": ["240,307", "245,307", "245,312", "240,312"]}]