[{"word": "VIRGHS", "bbox": ["213,154", "319,155", "319,201", "213,200"]}, {"word": "MICRO", "bbox": ["224,193", "247,195", "246,201", "223,199"]}, {"word": "BREWED", "bbox": ["280,197", "309,195", "309,201", "280,203"]}, {"word": "Natweal", "bbox": ["242,232", "269,233", "269,239", "242,238"]}, {"word": "Ingri", "bbox": ["271,233", "282,234", "282,241", "271,240"]}, {"word": "A", "bbox": ["254,240", "258,240", "258,246", "254,246"]}, {"word": "Root", "bbox": ["257,241", "268,241", "268,246", "257,246"]}, {"word": "Bor", "bbox": ["271,241", "280,241", "280,247", "271,247"]}, {"word": "Rich", "bbox": ["242,246", "256,247", "256,253", "242,252"]}, {"word": "And", "bbox": ["259,248", "270,248", "270,252", "259,252"]}, {"word": "C", "bbox": ["272,247", "285,248", "285,254", "272,253"]}, {"word": "Youl", "bbox": ["247,255", "266,253", "266,259", "247,261"]}, {"word": "S", "bbox": ["268,253", "270,253", "270,259", "268,259"]}, {"word": "0", "bbox": ["291,251", "301,250", "301,255", "291,256"]}, {"word": "COIBEER", "bbox": ["210,258", "315,262", "313,308", "208,304"]}]