[{"word": "ESTD", "bbox": ["152,266", "170,265", "170,269", "152,270"]}, {"word": "1", "bbox": ["202,263", "209,263", "209,269", "202,269"]}, {"word": "THEAKSTON", "bbox": ["109,268", "248,266", "249,297", "110,299"]}, {"word": "GHTFOOT", "bbox": ["111,311", "206,309", "206,337", "111,339"]}, {"word": "BITE", "bbox": ["209,309", "250,308", "250,336", "209,337"]}, {"word": "LEGENDARY", "bbox": ["146,298", "199,296", "199,302", "146,304"]}, {"word": "ALES", "bbox": ["206,296", "225,295", "225,301", "206,302"]}]