[{"word": "PE", "bbox": ["33,170", "63,170", "63,188", "33,188"]}, {"word": "PE", "bbox": ["72,170", "101,170", "101,188", "72,188"]}, {"word": "PE", "bbox": ["111,170", "141,170", "141,188", "111,188"]}, {"word": "PI", "bbox": ["149,170", "186,170", "186,188", "149,188"]}, {"word": "P", "bbox": ["188,170", "217,170", "217,188", "188,188"]}, {"word": "P", "bbox": ["230,170", "253,170", "253,188", "230,188"]}, {"word": "PEPSI", "bbox": ["317,171", "399,173", "399,195", "317,193"]}, {"word": "SI", "bbox": ["456,166", "497,171", "494,191", "454,187"]}, {"word": "5I", "bbox": ["499,170", "528,173", "525,194", "497,191"]}, {"word": "SI", "bbox": ["536,176", "553,178", "551,193", "534,191"]}, {"word": "SI", "bbox": ["574,175", "594,174", "595,190", "575,191"]}, {"word": "VISITORS", "bbox": ["306,218", "360,219", "360,231", "306,230"]}, {"word": "OUISI", "bbox": ["364,219", "404,219", "404,230", "364,230"]}, {"word": "BA", "bbox": ["406,219", "416,219", "416,230", "406,230"]}, {"word": "GooooooDo00000", "bbox": ["348,236", "416,236", "416,242", "348,242"]}, {"word": "S000000po000", "bbox": ["352,241", "414,241", "414,248", "352,248"]}, {"word": "12", "bbox": ["266,271", "281,271", "281,280", "266,280"]}, {"word": "SCOREBOARD", "bbox": ["311,328", "402,328", "402,338", "311,338"]}]