[{"word": "ve", "bbox": ["83,174", "115,171", "118,201", "86,204"]}, {"word": "Tebs", "bbox": ["117,171", "143,168", "146,198", "120,201"]}, {"word": "to", "bbox": ["147,178", "161,177", "163,194", "149,196"]}, {"word": "Save", "bbox": ["166,173", "197,170", "199,190", "168,193"]}, {"word": "Rover", "bbox": ["198,162", "238,158", "241,189", "201,193"]}, {"word": "RAULY", "bbox": ["92,208", "146,222", "140,244", "86,229"]}, {"word": "ORA", "bbox": ["160,222", "204,218", "206,241", "162,245"]}, {"word": "NGE", "bbox": ["223,214", "244,207", "251,227", "230,235"]}, {"word": "ALL", "bbox": ["128,212", "160,209", "162,228", "130,231"]}, {"word": "NATURAL", "bbox": ["167,209", "234,203", "235,221", "169,227"]}, {"word": "BlueSk", "bbox": ["67,256", "217,245", "221,309", "72,320"]}, {"word": "Ag", "bbox": ["94,378", "116,389", "112,396", "90,385"]}, {"word": "I", "bbox": ["120,391", "123,392", "121,399", "118,398"]}, {"word": "ON", "bbox": ["140,396", "150,397", "149,404", "139,403"]}, {"word": "COLOS", "bbox": ["154,398", "173,399", "173,407", "154,406"]}, {"word": "OR", "bbox": ["177,398", "182,398", "182,406", "177,406"]}, {"word": "RAOS", "bbox": ["185,398", "210,395", "211,402", "186,405"]}, {"word": "S", "bbox": ["168,405", "171,405", "171,412", "168,412"]}, {"word": "NO", "bbox": ["175,405", "182,404", "183,411", "176,412"]}, {"word": "CAENE", "bbox": ["185,404", "206,401", "207,409", "186,412"]}, {"word": "NEW", "bbox": ["145,415", "168,417", "168,421", "145,419"]}]