[{"word": "BUFFALO", "bbox": ["105,336", "170,334", "171,369", "106,371"]}, {"word": "ROM", "bbox": ["172,334", "200,333", "201,368", "173,369"]}, {"word": "ROdf", "bbox": ["167,351", "200,322", "214,337", "181,367"]}, {"word": "GINGER", "bbox": ["118,370", "172,362", "174,376", "120,384"]}, {"word": "ALE", "bbox": ["177,361", "198,358", "200,372", "179,375"]}, {"word": "SOUTHERN", "bbox": ["133,413", "173,407", "174,415", "134,421"]}, {"word": "SPICE", "bbox": ["180,407", "194,405", "195,412", "181,414"]}]