[{"word": "CANADA", "bbox": ["171,184", "256,182", "256,203", "171,205"]}, {"word": "DRY", "bbox": ["192,204", "235,203", "235,219", "192,220"]}, {"word": "GINGER", "bbox": ["110,265", "247,263", "248,304", "111,306"]}, {"word": "LE", "bbox": ["271,262", "303,261", "304,302", "272,303"]}, {"word": "ORY", "bbox": ["122,315", "154,314", "154,330", "122,331"]}, {"word": "AFTERTASTE", "bbox": ["164,313", "301,309", "301,326", "164,330"]}, {"word": "IDRY", "bbox": ["157,337", "253,336", "253,374", "157,375"]}, {"word": "\u306a", "bbox": ["149,396", "161,396", "161,411", "149,411"]}, {"word": "\u30ca\u30c0", "bbox": ["163,396", "180,396", "180,411", "163,411"]}, {"word": "\u30c9\u30e9\u30a4", "bbox": ["182,396", "212,396", "212,411", "182,411"]}, {"word": "\u30b8\u30f3\u30b8\u30e3\u30fc", "bbox": ["214,396", "260,396", "260,411", "214,411"]}, {"word": "\u30a8\u30fc\u30eb", "bbox": ["262,396", "278,396", "278,411", "262,411"]}, {"word": "Find", "bbox": ["299,452", "320,442", "323,449", "302,458"]}, {"word": "the", "bbox": ["323,439", "340,431", "344,440", "327,448"]}, {"word": "t", "bbox": ["343,430", "347,428", "351,437", "347,439"]}, {"word": "taros", "bbox": ["308,465", "331,454", "334,461", "311,472"]}, {"word": "at", "bbox": ["336,450", "346,445", "350,453", "340,458"]}, {"word": "w", "bbox": ["350,445", "357,442", "361,449", "353,452"]}, {"word": "plus", "bbox": ["315,479", "335,469", "339,477", "319,487"]}, {"word": "no", "bbox": ["341,465", "352,460", "357,469", "346,475"]}, {"word": "bo", "bbox": ["357,456", "368,451", "373,460", "362,466"]}]