[{"word": "MONOPOLE", "bbox": ["117,29", "168,29", "168,41", "117,41"]}, {"word": "2001", "bbox": ["133,43", "152,43", "152,52", "133,52"]}, {"word": "OMANE", "bbox": ["25,41", "56,41", "56,52", "25,52"]}, {"word": "L", "bbox": ["56,43", "61,43", "61,53", "56,53"]}, {"word": "2001", "bbox": ["33,116", "47,116", "47,120", "33,120"]}, {"word": "AMO", "bbox": ["117,170", "134,170", "134,176", "117,176"]}, {"word": "N", "bbox": ["137,171", "158,171", "158,177", "137,177"]}, {"word": "com", "bbox": ["162,172", "173,172", "173,176", "162,176"]}, {"word": "ROMAN\u00c9E-CONTI", "bbox": ["89,183", "196,185", "196,205", "89,203"]}, {"word": "A", "bbox": ["134,206", "141,206", "141,215", "134,215"]}, {"word": "con", "bbox": ["153,207", "169,206", "169,211", "153,212"]}, {"word": "e", "bbox": ["171,204", "176,204", "176,213", "171,213"]}, {"word": "ROMAN\u00c9E", "bbox": ["1,208", "52,209", "52,224", "1,223"]}, {"word": "CONT", "bbox": ["55,210", "76,211", "76,226", "55,225"]}]