[{"word": "ARD", "bbox": ["1,2", "16,2", "16,11", "1,11"]}, {"word": "BA", "bbox": ["39,1", "53,1", "53,10", "39,10"]}, {"word": "S", "bbox": ["116,2", "126,2", "126,11", "116,11"]}, {"word": "is", "bbox": ["277,1", "304,0", "304,10", "277,11"]}, {"word": "TO", "bbox": ["212,9", "234,9", "234,19", "212,19"]}, {"word": "TorNid", "bbox": ["255,8", "309,7", "309,18", "255,19"]}, {"word": "BREEBREEZER", "bbox": ["316,7", "375,6", "375,16", "316,17"]}, {"word": "BREEZEZER", "bbox": ["373,9", "428,8", "428,19", "373,20"]}, {"word": "BREEZ", "bbox": ["447,11", "473,7", "474,17", "449,21"]}, {"word": "REE2", "bbox": ["475,13", "497,11", "498,20", "476,22"]}, {"word": "192", "bbox": ["362,68", "378,67", "379,79", "363,80"]}, {"word": "US", "bbox": ["100,132", "118,130", "119,140", "101,142"]}, {"word": "130", "bbox": ["73,267", "87,266", "87,278", "73,279"]}, {"word": "130", "bbox": ["178,265", "195,263", "196,276", "179,278"]}, {"word": "130", "bbox": ["277,263", "291,262", "292,274", "278,275"]}, {"word": "128", "bbox": ["370,259", "383,258", "384,270", "371,271"]}, {"word": "Red", "bbox": ["6,298", "26,298", "26,309", "6,309"]}, {"word": "dull", "bbox": ["37,297", "57,297", "57,308", "37,308"]}, {"word": "Bull", "bbox": ["324,291", "342,290", "342,299", "325,300"]}, {"word": "BuBull", "bbox": ["364,289", "404,286", "405,295", "365,298"]}, {"word": "burt", "bbox": ["172,324", "183,324", "183,331", "172,331"]}, {"word": "burn", "bbox": ["198,324", "211,324", "211,330", "198,330"]}, {"word": "burn", "bbox": ["231,323", "244,323", "244,331", "231,331"]}]