[{"word": "Th", "bbox": ["89,118", "120,115", "121,129", "90,132"]}, {"word": "FIRST", "bbox": ["122,115", "143,113", "144,127", "123,129"]}, {"word": "GROWTH", "bbox": ["147,113", "178,110", "179,123", "148,126"]}, {"word": "SERIES", "bbox": ["137,124", "164,124", "164,134", "137,134"]}, {"word": "Whis", "bbox": ["78,138", "121,137", "122,160", "79,161"]}, {"word": "185", "bbox": ["124,137", "152,136", "153,158", "125,159"]}, {"word": "EStore", "bbox": ["60,163", "132,163", "132,185", "60,185"]}, {"word": "16", "bbox": ["132,192", "164,190", "165,215", "133,217"]}, {"word": "16", "bbox": ["42,206", "67,205", "68,222", "43,223"]}, {"word": "BRUICHLADDICH", "bbox": ["26,233", "95,233", "95,240", "26,240"]}, {"word": "RUICHLADDICH", "bbox": ["110,229", "201,229", "201,242", "110,242"]}]