[{"word": "hat", "bbox": ["111,220", "151,226", "147,250", "107,244"]}, {"word": "eente", "bbox": ["115,249", "164,250", "163,274", "114,273"]}, {"word": "Fo", "bbox": ["170,250", "192,251", "191,275", "169,274"]}, {"word": "DrinkS", "bbox": ["111,268", "183,273", "181,299", "109,294"]}, {"word": "wou", "bbox": ["161,237", "192,235", "193,247", "162,249"]}, {"word": "Root", "bbox": ["113,312", "156,316", "154,335", "111,331"]}, {"word": "Juid", "bbox": ["161,316", "196,319", "194,338", "159,335"]}, {"word": "maton-free", "bbox": ["132,332", "185,335", "184,349", "131,346"]}, {"word": "Nour", "bbox": ["122,343", "143,347", "141,356", "120,352"]}, {"word": "Pleasr", "bbox": ["0,0", "143,-14", "180,354", "37,368"]}]