[{"word": "POLI", "bbox": ["41,68", "120,66", "121,90", "42,92"]}, {"word": "EEDOS", "bbox": ["272,178", "306,175", "306,182", "273,185"]}, {"word": "LUXURY", "bbox": ["40,204", "99,203", "99,215", "40,216"]}, {"word": "BELVE", "bbox": ["59,279", "108,280", "108,291", "59,290"]}, {"word": "BELVEDERE", "bbox": ["96,285", "165,284", "165,303", "96,304"]}, {"word": "BELVEDER", "bbox": ["185,284", "250,283", "250,303", "185,304"]}, {"word": "DKA", "bbox": ["222,304", "240,304", "240,312", "222,312"]}, {"word": "MPOR", "bbox": ["111,327", "139,329", "138,337", "110,335"]}]