[{"word": "NEW", "bbox": ["246,86", "260,86", "260,92", "246,92"]}, {"word": "ORLEANS", "bbox": ["264,87", "291,87", "291,92", "264,92"]}, {"word": "nilla", "bbox": ["41,266", "92,260", "94,278", "43,284"]}, {"word": "Froslo", "bbox": ["185,306", "266,302", "267,324", "186,328"]}, {"word": "TROOT", "bbox": ["191,335", "230,336", "230,349", "191,348"]}, {"word": "BEER", "bbox": ["232,336", "258,337", "258,350", "232,349"]}, {"word": "O", "bbox": ["298,343", "302,344", "300,354", "296,353"]}, {"word": "EA", "bbox": ["322,348", "330,350", "328,359", "320,358"]}, {"word": "BUE", "bbox": ["22,0", "23,66", "6,66", "5,0"]}]