[{"word": "OUIS", "bbox": ["95,94", "120,94", "120,104", "95,104"]}, {"word": "MI", "bbox": ["124,94", "133,94", "133,104", "124,104"]}, {"word": "2005", "bbox": ["96,181", "126,181", "126,191", "96,191"]}, {"word": "DUIS", "bbox": ["47,339", "77,340", "77,356", "47,355"]}, {"word": "MICHEL", "bbox": ["85,344", "141,345", "141,357", "85,356"]}, {"word": "&", "bbox": ["145,341", "163,341", "163,357", "145,357"]}, {"word": "F", "bbox": ["165,341", "169,341", "169,357", "165,357"]}, {"word": "Chabls", "bbox": ["68,409", "158,414", "156,442", "66,437"]}]