[{"word": "Sentence", "bbox": ["85,72", "154,63", "157,81", "87,90"]}, {"word": "You", "bbox": ["91,105", "115,101", "118,117", "94,122"]}, {"word": "To", "bbox": ["120,100", "138,97", "141,113", "123,117"]}, {"word": "nce", "bbox": ["317,99", "339,93", "344,110", "321,115"]}, {"word": "Drink", "bbox": ["75,135", "119,134", "120,160", "76,162"]}, {"word": "My", "bbox": ["121,133", "152,132", "153,160", "122,161"]}, {"word": "To", "bbox": ["316,130", "332,128", "335,147", "319,149"]}, {"word": "Root", "bbox": ["76,175", "108,173", "109,194", "77,196"]}, {"word": "Beer", "bbox": ["114,172", "149,170", "150,192", "116,194"]}, {"word": "My", "bbox": ["313,159", "344,159", "344,185", "313,185"]}, {"word": "Beer", "bbox": ["316,196", "339,196", "339,214", "316,214"]}, {"word": "Judge", "bbox": ["75,365", "190,369", "189,406", "74,402"]}, {"word": "Wapnge", "bbox": ["205,369", "369,375", "368,412", "204,406"]}, {"word": "Root", "bbox": ["113,410", "203,410", "203,434", "113,434"]}, {"word": "Beer", "bbox": ["206,409", "271,409", "271,432", "206,432"]}, {"word": "Root", "bbox": ["326,408", "374,422", "367,445", "319,431"]}]