[{"word": "PetAlive", "bbox": ["83,108", "114,108", "114,118", "83,118"]}, {"word": "com", "bbox": ["118,108", "135,108", "135,118", "118,118"]}, {"word": "Skin", "bbox": ["80,123", "93,125", "92,132", "79,130"]}, {"word": "&", "bbox": ["98,126", "103,126", "102,133", "97,133"]}, {"word": "Coat", "bbox": ["107,126", "120,125", "120,133", "107,134"]}, {"word": "Tonic", "bbox": ["128,124", "143,122", "144,130", "129,132"]}, {"word": "Nutive", "bbox": ["74,139", "87,143", "85,149", "72,146"]}, {"word": "Remedies", "bbox": ["91,143", "121,145", "121,152", "91,150"]}, {"word": "Nan", "bbox": ["131,140", "149,135", "152,144", "133,149"]}]