[{"word": "NES", "bbox": ["132,90", "153,90", "153,103", "132,103"]}, {"word": "CHA", "bbox": ["160,90", "177,90", "177,103", "160,103"]}, {"word": "1979", "bbox": ["146,229", "170,229", "170,239", "146,239"]}, {"word": "CREME", "bbox": ["128,244", "150,244", "150,247", "128,247"]}, {"word": "DE", "bbox": ["157,244", "164,244", "164,247", "157,247"]}, {"word": "TETE", "bbox": ["171,244", "186,244", "186,247", "171,247"]}, {"word": "aten", "bbox": ["104,265", "161,256", "167,291", "110,301"]}, {"word": "SAUCHATEA", "bbox": ["165,274", "206,248", "217,267", "177,293"]}, {"word": "S", "bbox": ["102,328", "104,326", "114,339", "111,341"]}, {"word": "EM", "bbox": ["107,324", "114,319", "124,332", "116,337"]}, {"word": "BOU", "bbox": ["117,316", "134,308", "141,324", "124,332"]}, {"word": "terpa", "bbox": ["171,311", "201,318", "197,335", "167,329"]}, {"word": "CTIAN", "bbox": ["117,356", "159,356", "159,364", "117,364"]}, {"word": "MEDEILLE", "bbox": ["164,356", "202,356", "202,364", "164,364"]}]