[{"word": "ANDINGE", "bbox": ["155,285", "234,287", "233,327", "154,325"]}, {"word": "AUTERE", "bbox": ["236,287", "304,289", "303,330", "235,328"]}, {"word": "sellation", "bbox": ["182,334", "213,334", "213,341", "182,341"]}, {"word": "Setaet", "bbox": ["218,334", "253,334", "253,343", "218,343"]}, {"word": "o", "bbox": ["255,335", "265,335", "265,342", "255,342"]}, {"word": "RU", "bbox": ["154,428", "179,429", "178,459", "153,458"]}, {"word": "DARCHE", "bbox": ["181,428", "243,430", "242,461", "180,459"]}, {"word": "PUGNE", "bbox": ["245,431", "284,432", "283,462", "244,461"]}, {"word": "TLLEAU", "bbox": ["204,468", "259,466", "259,473", "204,475"]}, {"word": "TOPm", "bbox": ["263,465", "286,464", "286,471", "263,472"]}, {"word": "DANEY", "bbox": ["178,475", "223,477", "223,488", "178,486"]}, {"word": "P", "bbox": ["236,476", "241,476", "241,488", "236,488"]}, {"word": "raprida", "bbox": ["245,476", "282,477", "282,489", "245,488"]}, {"word": "w", "bbox": ["354,504", "370,503", "371,534", "355,535"]}, {"word": "ARCHE", "bbox": ["384,503", "429,501", "430,533", "385,535"]}, {"word": "DANE", "bbox": ["357,543", "406,546", "405,561", "356,558"]}]