[{"word": "Root", "bbox": ["92,67", "124,64", "125,81", "93,84"]}, {"word": "Beer", "bbox": ["94,79", "129,77", "130,93", "95,95"]}, {"word": "LOW", "bbox": ["74,221", "102,217", "103,227", "76,232"]}, {"word": "CALORIE", "bbox": ["99,219", "134,213", "135,220", "100,226"]}, {"word": "THOMAS", "bbox": ["68,243", "139,232", "142,254", "71,265"]}, {"word": "KEMPER", "bbox": ["74,263", "141,252", "145,273", "78,285"]}, {"word": "Root", "bbox": ["82,297", "108,293", "109,303", "83,307"]}, {"word": "Beer", "bbox": ["113,293", "141,289", "142,298", "114,302"]}, {"word": "20", "bbox": ["148,298", "154,299", "153,304", "147,303"]}, {"word": "Marisa", "bbox": ["98,391", "132,391", "132,398", "98,398"]}, {"word": "McClellan", "bbox": ["140,391", "192,391", "192,398", "140,398"]}]