[{"word": "ok", "bbox": ["10,146", "46,138", "54,173", "18,181"]}, {"word": "Vinilla", "bbox": ["99,186", "152,140", "176,168", "123,214"]}, {"word": "Coka", "bbox": ["107,206", "221,121", "270,187", "156,272"]}, {"word": "Coke", "bbox": ["307,165", "358,132", "377,161", "326,194"]}, {"word": "6x0.51", "bbox": ["85,276", "127,271", "128,284", "87,290"]}, {"word": "D", "bbox": ["446,203", "451,203", "451,210", "446,210"]}, {"word": "YOUR", "bbox": ["453,203", "467,203", "467,210", "453,210"]}, {"word": "COLW", "bbox": ["470,203", "483,203", "483,210", "470,210"]}, {"word": "Coke", "bbox": ["423,243", "470,223", "482,252", "435,272"]}]