[{"word": "INDIAN", "bbox": ["335,109", "439,95", "444,129", "340,143"]}, {"word": "ONIC", "bbox": ["256,152", "376,139", "382,195", "262,208"]}, {"word": "WAYE", "bbox": ["387,137", "491,126", "497,181", "393,193"]}, {"word": "180ml", "bbox": ["432,194", "480,174", "488,192", "440,212"]}, {"word": "REDIENTS:", "bbox": ["278,204", "309,214", "306,223", "275,214"]}, {"word": "CARBONATED", "bbox": ["311,215", "362,223", "361,233", "309,225"]}, {"word": "WATER,", "bbox": ["367,223", "400,223", "400,232", "367,232"]}, {"word": "SUGAR", "bbox": ["405,222", "424,220", "425,230", "406,232"]}, {"word": "OFT", "bbox": ["272,192", "283,196", "280,205", "269,200"]}, {"word": "ORINK", "bbox": ["284,197", "297,201", "295,210", "281,206"]}, {"word": "WITH", "bbox": ["303,202", "317,205", "315,214", "301,211"]}, {"word": "OQUININE,", "bbox": ["322,206", "357,212", "355,221", "320,216"]}, {"word": "SUGAR", "bbox": ["360,212", "382,212", "382,221", "360,221"]}, {"word": "&", "bbox": ["393,211", "395,211", "395,220", "394,220"]}, {"word": "SWEETENER", "bbox": ["400,211", "438,207", "439,217", "401,221"]}, {"word": "C", "bbox": ["285,216", "288,217", "285,225", "282,224"]}, {"word": "ADD", "bbox": ["291,218", "302,222", "299,231", "288,227"]}, {"word": "FLAVOURINGS", "bbox": ["308,223", "358,232", "356,242", "306,234"]}, {"word": "(Including", "bbox": ["362,232", "396,232", "396,242", "362,242"]}, {"word": "Quinine)", "bbox": ["402,232", "432,228", "433,238", "403,242"]}, {"word": "EO-S", "bbox": ["440,225", "459,217", "463,226", "444,234"]}, {"word": "Scintilla", "bbox": ["298,248", "329,254", "326,272", "294,266"]}, {"word": "Soff", "bbox": ["337,255", "351,258", "347,276", "334,274"]}, {"word": "Drinks,", "bbox": ["354,258", "385,259", "384,278", "353,277"]}, {"word": "Tadcaster", "bbox": ["389,258", "431,251", "435,271", "392,278"]}, {"word": "LS2", "bbox": ["432,251", "444,248", "448,265", "437,268"]}, {"word": "FOR", "bbox": ["439,216", "454,209", "458,220", "443,226"]}, {"word": "RES", "bbox": ["455,209", "464,205", "468,214", "459,218"]}, {"word": "EATIVE", "bbox": ["279,226", "310,232", "308,243", "277,237"]}, {"word": "(Sodium", "bbox": ["313,233", "340,239", "338,249", "311,244"]}, {"word": "Benzoato.", "bbox": ["342,239", "378,247", "376,257", "340,250"]}, {"word": "ER", "bbox": ["280,235", "302,240", "300,249", "278,244"]}, {"word": "Sodium", "bbox": ["305,240", "326,245", "324,255", "303,250"]}, {"word": "Saccharin", "bbox": ["331,246", "365,254", "363,264", "329,256"]}]