[{"word": "NATRAL", "bbox": ["451,66", "489,66", "489,76", "451,76"]}, {"word": "Grape", "bbox": ["73,178", "119,179", "119,197", "73,196"]}, {"word": "icana", "bbox": ["127,192", "166,193", "165,210", "126,209"]}, {"word": "merica", "bbox": ["181,210", "225,196", "231,215", "187,229"]}, {"word": "ericana", "bbox": ["229,214", "287,212", "288,231", "230,233"]}, {"word": "ericana", "bbox": ["298,226", "369,230", "368,251", "297,247"]}, {"word": "CHERRY", "bbox": ["132,226", "160,228", "159,237", "131,235"]}, {"word": "ACK", "bbox": ["186,238", "202,239", "202,249", "186,248"]}, {"word": "CHER", "bbox": ["205,238", "229,239", "229,250", "205,249"]}, {"word": "OT", "bbox": ["232,250", "242,252", "240,264", "230,262"]}, {"word": "BEER", "bbox": ["248,252", "278,257", "275,273", "245,268"]}, {"word": "OT", "bbox": ["295,266", "312,270", "308,287", "291,282"]}, {"word": "BEER", "bbox": ["319,271", "352,279", "348,297", "315,288"]}]