[{"word": "BASTOR", "bbox": ["207,135", "246,151", "238,170", "199,154"]}, {"word": "LAMONTAGNE", "bbox": ["254,154", "312,201", "298,219", "240,171"]}, {"word": "EAU", "bbox": ["176,144", "197,141", "199,159", "178,162"]}, {"word": "SAUERNES", "bbox": ["191,156", "269,184", "265,197", "187,168"]}, {"word": "1997", "bbox": ["268,235", "283,244", "277,252", "263,244"]}, {"word": "IN", "bbox": ["153,250", "168,256", "165,263", "150,257"]}, {"word": "ATE", "bbox": ["169,257", "199,268", "196,276", "166,264"]}, {"word": "O", "bbox": ["213,274", "219,276", "216,283", "211,281"]}]