[{"word": "WUZHOU", "bbox": ["309,104", "341,107", "340,119", "308,116"]}, {"word": "O", "bbox": ["352,108", "365,109", "364,120", "351,119"]}, {"word": "YIN", "bbox": ["107,116", "116,115", "116,119", "107,120"]}, {"word": "SHAN", "bbox": ["122,114", "137,113", "137,118", "122,119"]}, {"word": "REAL", "bbox": ["384,113", "408,113", "408,121", "384,121"]}, {"word": "Mal", "bbox": ["116,128", "139,126", "140,136", "117,138"]}, {"word": "Guilinggao", "bbox": ["281,134", "434,150", "429,197", "276,181"]}, {"word": "Coca-Cola", "bbox": ["244,82", "243,272", "177,272", "178,82"]}, {"word": "SOFT", "bbox": ["271,256", "271,242", "277,242", "277,256"]}, {"word": "DRINK", "bbox": ["271,240", "271,224", "277,224", "277,240"]}, {"word": "WITH", "bbox": ["272,219", "272,204", "277,204", "277,219"]}, {"word": "VEGETABLE", "bbox": ["273,201", "273,166", "277,166", "277,201"]}, {"word": "EXTRACTS", "bbox": ["273,163", "273,131", "278,131", "278,163"]}, {"word": "150", "bbox": ["273,126", "273,110", "278,110", "278,126"]}, {"word": "ml", "bbox": ["273,107", "273,90", "279,90", "279,107"]}]