[{"word": "S1924", "bbox": ["184,69", "212,70", "212,77", "184,76"]}, {"word": "StewaniS", "bbox": ["154,228", "243,229", "243,260", "154,259"]}, {"word": "Fountain", "bbox": ["175,262", "202,262", "202,267", "175,267"]}, {"word": "Classies", "bbox": ["205,261", "227,261", "227,268", "205,268"]}, {"word": "OkrRe", "bbox": ["147,477", "196,478", "195,496", "146,495"]}, {"word": "u", "bbox": ["198,478", "211,478", "210,496", "197,496"]}, {"word": "Cu", "bbox": ["211,479", "243,480", "242,498", "210,497"]}]