[{"word": "AL", "bbox": ["63,140", "75,143", "72,153", "60,150"]}, {"word": "ROOTBRER", "bbox": ["81,170", "154,168", "154,183", "81,185"]}, {"word": "*", "bbox": ["67,186", "75,186", "75,198", "67,198"]}, {"word": "WINNER", "bbox": ["80,187", "122,187", "122,198", "80,198"]}, {"word": "NASFT", "bbox": ["126,186", "158,186", "158,197", "126,197"]}, {"word": "A", "bbox": ["167,188", "175,188", "175,196", "167,196"]}, {"word": "\"OUTSTANDING", "bbox": ["78,197", "159,195", "159,209", "78,211"]}, {"word": "BEVERAGE\"", "bbox": ["88,211", "151,210", "151,223", "88,224"]}, {"word": "VIRGHS", "bbox": ["34,468", "205,468", "205,531", "34,531"]}, {"word": "MICRO", "bbox": ["54,530", "93,535", "92,542", "53,537"]}, {"word": "BREWED", "bbox": ["143,534", "197,525", "199,535", "145,544"]}, {"word": "Using", "bbox": ["55,706", "72,708", "71,719", "54,717"]}, {"word": "Natueral", "bbox": ["77,709", "102,711", "101,722", "76,720"]}, {"word": "Ingredients,", "bbox": ["106,712", "150,710", "150,721", "106,723"]}, {"word": "We", "bbox": ["154,710", "162,709", "163,719", "155,720"]}, {"word": "BrewA", "bbox": ["168,708", "190,704", "191,714", "170,718"]}, {"word": "Root", "bbox": ["51,716", "64,718", "62,728", "49,726"]}, {"word": "Beer", "bbox": ["69,719", "83,721", "82,731", "68,729"]}, {"word": "So", "bbox": ["87,722", "94,723", "93,732", "86,731"]}, {"word": "Pure,", "bbox": ["98,723", "117,723", "117,732", "98,732"]}, {"word": "So", "bbox": ["121,723", "128,723", "128,732", "121,732"]}, {"word": "Rich", "bbox": ["133,723", "147,722", "148,731", "134,732"]}, {"word": "And", "bbox": ["154,721", "165,720", "166,729", "155,730"]}, {"word": "Creany.", "bbox": ["172,719", "194,716", "195,726", "173,729"]}, {"word": "You'll", "bbox": ["62,733", "80,733", "80,741", "62,741"]}, {"word": "Swear", "bbox": ["84,734", "105,734", "105,743", "84,743"]}, {"word": "It's", "bbox": ["109,732", "120,732", "120,742", "109,742"]}, {"word": "Made", "bbox": ["124,735", "144,735", "144,742", "124,742"]}, {"word": "In", "bbox": ["148,734", "155,734", "155,741", "148,741"]}, {"word": "Heaven", "bbox": ["158,732", "185,732", "185,740", "158,740"]}, {"word": "12", "bbox": ["73,748", "81,748", "81,757", "73,757"]}, {"word": "FL.", "bbox": ["86,749", "101,749", "101,758", "86,758"]}, {"word": "OZ.", "bbox": ["111,746", "130,746", "130,758", "111,758"]}, {"word": "(355", "bbox": ["130,749", "151,749", "151,758", "130,758"]}, {"word": "mL)", "bbox": ["157,746", "174,746", "174,757", "157,757"]}]