[{"word": "PEPSI", "bbox": ["76,56", "139,53", "140,71", "77,75"]}, {"word": "PEPSI", "bbox": ["191,48", "320,49", "320,86", "191,85"]}, {"word": "PEPSI", "bbox": ["610,40", "695,39", "695,59", "610,60"]}, {"word": "GET", "bbox": ["65,158", "96,154", "98,169", "67,173"]}, {"word": "A", "bbox": ["100,158", "110,157", "111,168", "101,169"]}, {"word": "KICKE", "bbox": ["115,149", "158,143", "160,161", "117,167"]}, {"word": "\u56fd", "bbox": ["71,234", "96,225", "102,245", "78,254"]}, {"word": "PEPSI", "bbox": ["380,202", "415,202", "415,212", "380,212"]}, {"word": "MAX", "bbox": ["376,207", "454,205", "455,244", "377,246"]}, {"word": "WANNA", "bbox": ["68,269", "108,260", "111,275", "71,284"]}, {"word": "KNO", "bbox": ["112,260", "132,256", "134,269", "115,273"]}, {"word": "DO", "bbox": ["75,281", "93,277", "94,285", "77,289"]}, {"word": "o", "bbox": ["91,280", "99,278", "100,283", "92,285"]}, {"word": "ww", "bbox": ["105,275", "117,272", "118,279", "106,282"]}, {"word": "MAXIARA", "bbox": ["255,244", "312,233", "314,246", "257,257"]}, {"word": "AD", "bbox": ["292,261", "306,255", "309,261", "295,267"]}, {"word": "s", "bbox": ["308,252", "321,246", "324,253", "311,259"]}, {"word": "330", "bbox": ["566,274", "587,274", "587,283", "566,283"]}, {"word": "ml", "bbox": ["589,275", "601,275", "601,282", "589,282"]}, {"word": "MAXIMLIM", "bbox": ["617,276", "673,276", "673,282", "617,282"]}, {"word": "TASTE,", "bbox": ["679,276", "715,276", "715,283", "679,283"]}, {"word": "NO", "bbox": ["721,276", "736,276", "736,282", "721,282"]}, {"word": "SUGAR", "bbox": ["742,276", "779,276", "779,282", "742,282"]}]