[{"word": "GUINNESS", "bbox": ["536,188", "699,191", "698,237", "535,234"]}, {"word": "DRAU", "bbox": ["596,247", "644,247", "644,258", "596,258"]}, {"word": "S!", "bbox": ["541,282", "579,283", "579,302", "541,301"]}, {"word": "JAMES'S", "bbox": ["584,283", "689,286", "688,306", "583,303"]}, {"word": "GATE", "bbox": ["694,286", "719,287", "719,306", "694,305"]}, {"word": "DUBLIN", "bbox": ["579,306", "696,306", "696,326", "579,326"]}, {"word": "ESTO", "bbox": ["596,739", "639,740", "639,755", "596,754"]}, {"word": "1759", "bbox": ["703,737", "740,735", "741,748", "704,750"]}, {"word": "GUINNES", "bbox": ["466,755", "809,749", "811,859", "468,865"]}, {"word": "MSUNG", "bbox": ["1,897", "174,894", "175,943", "2,946"]}, {"word": "DRAUGHT", "bbox": ["606,901", "753,890", "755,924", "609,935"]}, {"word": "Mithd", "bbox": ["536,1199", "750,1183", "757,1274", "543,1290"]}, {"word": "SERVE", "bbox": ["571,1346", "638,1343", "639,1366", "572,1369"]}, {"word": "EXTRA", "bbox": ["653,1343", "721,1334", "725,1357", "656,1367"]}, {"word": "COLD", "bbox": ["733,1330", "770,1317", "777,1339", "740,1352"]}]