[{"word": "CHATEAU", "bbox": ["212,164", "240,164", "240,171", "212,171"]}, {"word": "BOMANIN", "bbox": ["212,171", "240,171", "240,177", "212,177"]}, {"word": "Tomine", "bbox": ["118,187", "144,187", "144,196", "118,196"]}, {"word": "d", "bbox": ["148,190", "157,190", "157,195", "148,195"]}, {"word": "Ciha", "bbox": ["160,188", "180,188", "180,197", "160,197"]}, {"word": "Cotes", "bbox": ["157,199", "182,198", "182,206", "157,207"]}, {"word": "ElusCADET", "bbox": ["48,206", "94,208", "93,218", "47,216"]}, {"word": "du", "bbox": ["167,211", "174,211", "174,217", "167,217"]}, {"word": "MAN", "bbox": ["77,218", "92,218", "92,222", "77,222"]}, {"word": "Su", "bbox": ["58,225", "71,225", "71,232", "58,232"]}, {"word": "L", "bbox": ["74,226", "80,226", "80,231", "74,231"]}]