[{"word": "tof", "bbox": ["86,117", "112,117", "112,136", "86,136"]}, {"word": "Creen", "bbox": ["114,117", "142,118", "142,138", "114,137"]}, {"word": "Tea", "bbox": ["144,118", "166,118", "166,137", "144,137"]}, {"word": "Ginge", "bbox": ["177,118", "212,119", "212,139", "177,138"]}, {"word": "Ale", "bbox": ["217,119", "236,119", "236,139", "217,139"]}, {"word": "CANADA", "bbox": ["49,193", "117,167", "125,187", "56,213"]}, {"word": "MIN", "bbox": ["169,186", "137,199", "130,181", "162,168"]}, {"word": "NO", "bbox": ["99,214", "67,227", "60,209", "92,196"]}, {"word": "en", "bbox": ["30,254", "149,214", "176,292", "56,332"]}, {"word": "Tea", "bbox": ["153,212", "217,191", "243,269", "179,290"]}, {"word": "TEA", "bbox": ["191,302", "225,296", "229,314", "194,320"]}, {"word": "FOR", "bbox": ["198,317", "227,311", "231,326", "201,333"]}, {"word": "LHE", "bbox": ["204,328", "233,323", "235,338", "207,344"]}, {"word": "ST18", "bbox": ["214,377", "239,376", "240,398", "215,399"]}]