[{"word": "BOLS", "bbox": ["136,105", "232,172", "213,199", "117,132"]}, {"word": "24%", "bbox": ["377,191", "399,185", "402,196", "380,203"]}, {"word": "vol", "bbox": ["406,183", "418,180", "421,191", "409,195"]}, {"word": "esTEROAM", "bbox": ["136,155", "174,182", "169,190", "130,163"]}, {"word": "ss", "bbox": ["178,188", "192,198", "190,201", "176,191"]}, {"word": "alibaba", "bbox": ["332,426", "396,428", "396,445", "332,443"]}, {"word": "e", "bbox": ["401,429", "410,429", "410,445", "401,445"]}, {"word": "ch", "bbox": ["435,430", "453,430", "453,446", "435,446"]}]