[{"word": "MR", "bbox": ["451,312", "471,295", "483,310", "463,326"]}, {"word": "FEN", "bbox": ["473,293", "492,277", "505,292", "486,308"]}, {"word": "SARSAPARILLA", "bbox": ["444,323", "555,329", "554,347", "443,341"]}, {"word": "DITIONA", "bbox": ["460,345", "515,380", "507,392", "452,358"]}, {"word": "RICK'S", "bbox": ["379,267", "412,298", "398,312", "365,282"]}, {"word": "DANDELION", "bbox": ["187,317", "236,319", "235,337", "186,335"]}, {"word": "&", "bbox": ["238,319", "245,319", "244,336", "237,336"]}, {"word": "BURDOCK", "bbox": ["247,319", "284,320", "283,337", "246,336"]}, {"word": "RADITIONA", "bbox": ["200,335", "254,369", "245,385", "190,351"]}, {"word": "GINGER", "bbox": ["321,309", "370,312", "369,328", "320,325"]}, {"word": "BEER", "bbox": ["377,312", "410,314", "409,331", "376,329"]}, {"word": "OITION", "bbox": ["330,332", "367,354", "360,367", "322,345"]}, {"word": "I", "bbox": ["486,347", "506,348", "506,350", "486,349"]}, {"word": "HACHIAN", "bbox": ["476,352", "499,353", "499,357", "476,356"]}, {"word": "SPRInd", "bbox": ["502,353", "520,354", "520,358", "502,357"]}, {"word": "WAT", "bbox": ["492,358", "501,358", "501,363", "492,363"]}, {"word": "WATER-", "bbox": ["356,344", "379,344", "379,347", "356,347"]}, {"word": "LEMONADE", "bbox": ["43,323", "154,326", "153,345", "43,342"]}, {"word": "RADITION", "bbox": ["65,338", "111,380", "97,395", "52,353"]}, {"word": "WAR", "bbox": ["226,338", "239,338", "239,342", "226,342"]}, {"word": "WATER", "bbox": ["228,351", "248,350", "248,353", "228,354"]}, {"word": "MAE", "bbox": ["90,349", "103,349", "103,351", "90,351"]}, {"word": "w", "bbox": ["105,348", "116,348", "116,351", "105,351"]}, {"word": "HADRIAN", "bbox": ["79,354", "104,354", "104,358", "79,358"]}, {"word": "SPRNG", "bbox": ["108,353", "123,353", "123,358", "108,358"]}, {"word": "WATER-", "bbox": ["91,360", "115,359", "115,363", "91,364"]}, {"word": "SANCE", "bbox": ["350,378", "366,378", "366,381", "350,381"]}, {"word": "1-", "bbox": ["369,378", "384,378", "384,381", "369,381"]}, {"word": "-SNCE", "bbox": ["477,394", "496,395", "496,398", "477,397"]}, {"word": "185-", "bbox": ["501,395", "517,396", "517,398", "501,398"]}, {"word": "-SINCE", "bbox": ["219,386", "237,386", "237,389", "219,389"]}, {"word": "1885-", "bbox": ["242,386", "254,386", "254,388", "242,388"]}, {"word": "VAL", "bbox": ["100,376", "119,375", "119,383", "100,384"]}, {"word": "SNCE", "bbox": ["81,398", "101,398", "101,401", "81,401"]}, {"word": "18s-", "bbox": ["106,397", "121,397", "121,401", "106,401"]}, {"word": "ICK'S", "bbox": ["523,294", "542,322", "532,329", "513,301"]}, {"word": "WICK'S", "bbox": ["251,273", "284,308", "271,321", "237,286"]}, {"word": "MRFE", "bbox": ["322,300", "355,264", "369,276", "335,312"]}, {"word": "TRADE", "bbox": ["465,336", "483,373", "473,378", "455,341"]}, {"word": "WICK'S", "bbox": ["119,278", "152,314", "137,328", "104,292"]}, {"word": "MR", "bbox": ["192,308", "211,284", "225,294", "205,319"]}, {"word": "MRF", "bbox": ["52,316", "87,276", "101,288", "66,328"]}]