[{"word": "Coca-Coa", "bbox": ["89,106", "415,123", "408,257", "82,240"]}, {"word": "Coca-Cola", "bbox": ["134,233", "203,262", "191,291", "122,263"]}, {"word": "14", "bbox": ["268,282", "296,275", "302,298", "273,304"]}, {"word": "FL", "bbox": ["298,275", "312,272", "317,294", "303,297"]}, {"word": "OZ", "bbox": ["314,272", "335,267", "341,290", "320,295"]}, {"word": "(414", "bbox": ["337,265", "362,259", "368,282", "343,288"]}, {"word": "m", "bbox": ["364,259", "374,257", "379,279", "369,281"]}]