[{"word": "-", "bbox": ["499,98", "518,99", "515,158", "496,157"]}, {"word": "SILVER", "bbox": ["309,136", "549,153", "542,259", "302,243"]}, {"word": "MER", "bbox": ["352,102", "414,104", "413,147", "351,145"]}, {"word": "SOIEL", "bbox": ["417,103", "495,105", "494,149", "416,147"]}, {"word": "Unoaked", "bbox": ["386,250", "467,252", "467,277", "386,276"]}, {"word": "CHARDONNAY", "bbox": ["338,274", "503,278", "502,301", "337,297"]}, {"word": "Santa", "bbox": ["306,299", "354,299", "354,315", "306,315"]}, {"word": "Lucia", "bbox": ["367,303", "423,304", "423,319", "367,318"]}, {"word": "Highlands", "bbox": ["436,297", "532,298", "532,324", "436,323"]}, {"word": "Roris", "bbox": ["250,461", "269,474", "263,482", "244,469"]}, {"word": "from", "bbox": ["271,475", "283,482", "278,491", "266,485"]}, {"word": "our", "bbox": ["289,484", "297,487", "294,496", "286,493"]}, {"word": "Mer", "bbox": ["300,487", "317,492", "314,502", "297,498"]}, {"word": "Soleil", "bbox": ["325,494", "349,499", "346,509", "323,505"]}, {"word": "A", "bbox": ["490,500", "494,499", "496,509", "492,510"]}, {"word": "pure,", "bbox": ["498,498", "519,493", "522,503", "501,509"]}, {"word": "crisp", "bbox": ["525,492", "539,487", "543,496", "529,501"]}, {"word": "expo", "bbox": ["546,483", "566,470", "572,480", "552,492"]}, {"word": "Chardonnay", "bbox": ["489,518", "536,505", "540,517", "493,531"]}, {"word": "made", "bbox": ["540,503", "556,493", "562,503", "546,513"]}, {"word": "neyard,", "bbox": ["253,488", "278,498", "275,506", "250,496"]}, {"word": "located", "bbox": ["283,496", "315,508", "310,520", "278,508"]}, {"word": "in", "bbox": ["318,510", "327,514", "323,525", "314,521"]}, {"word": "the", "bbox": ["330,516", "347,522", "344,530", "327,523"]}, {"word": "Sarta", "bbox": ["258,507", "280,515", "275,528", "253,520"]}, {"word": "Lucia", "bbox": ["280,515", "301,523", "296,536", "275,528"]}, {"word": "Highlands", "bbox": ["304,524", "351,541", "346,554", "299,537"]}, {"word": "2007", "bbox": ["383,511", "445,513", "444,539", "382,537"]}, {"word": "oak", "bbox": ["477,545", "495,538", "498,546", "480,553"]}, {"word": "barrel", "bbox": ["500,534", "525,524", "530,536", "505,546"]}, {"word": "fermentan", "bbox": ["528,524", "563,510", "568,521", "532,535"]}]