[{"word": "Y00", "bbox": ["114,63", "139,65", "138,82", "113,80"]}, {"word": "50", "bbox": ["303,67", "341,67", "341,96", "303,96"]}, {"word": "SOHIO", "bbox": ["147,222", "209,217", "211,241", "149,246"]}, {"word": "STATE.", "bbox": ["150,239", "213,240", "213,258", "150,257"]}, {"word": "Real", "bbox": ["122,311", "146,311", "146,323", "122,323"]}, {"word": "Refreshment", "bbox": ["152,312", "231,313", "231,326", "152,325"]}, {"word": "For", "bbox": ["309,311", "328,311", "328,323", "309,323"]}, {"word": "Buckeye", "bbox": ["331,309", "385,310", "385,329", "331,328"]}, {"word": "Fans!", "bbox": ["393,312", "423,313", "423,326", "393,325"]}, {"word": "PE", "bbox": ["477,319", "499,320", "499,332", "477,331"]}, {"word": "Coca-Cola", "bbox": ["293,256", "373,170", "405,200", "325,286"]}]