[{"word": "CATE", "bbox": ["13,14", "61,14", "61,23", "13,23"]}, {"word": "LOUPLAC", "bbox": ["18,52", "78,53", "78,65", "18,64"]}, {"word": "2001", "bbox": ["34,75", "54,75", "54,80", "34,80"]}, {"word": "...", "bbox": ["129,90", "135,90", "135,92", "129,92"]}, {"word": "We", "bbox": ["34,94", "44,94", "44,98", "34,98"]}, {"word": "Tatle", "bbox": ["47,94", "57,94", "57,98", "47,98"]}, {"word": "W", "bbox": ["59,94", "66,94", "66,97", "59,97"]}, {"word": "Ea", "bbox": ["144,35", "144,68", "122,68", "122,35"]}]