[{"word": "OCH", "bbox": ["98,89", "117,89", "117,97", "98,97"]}, {"word": "oaYDE", "bbox": ["82,225", "116,258", "103,271", "69,238"]}, {"word": "www", "bbox": ["3,259", "27,239", "38,252", "14,272"]}, {"word": "DRINKOLOGY", "bbox": ["5,266", "106,265", "106,288", "5,289"]}, {"word": "IS", "bbox": ["12,289", "32,289", "32,299", "12,299"]}, {"word": "OLE", "bbox": ["34,288", "52,288", "52,299", "34,299"]}, {"word": "Co", "bbox": ["78,289", "87,289", "87,299", "78,299"]}, {"word": "Www.DR", "bbox": ["115,304", "70,343", "58,328", "103,290"]}]