[{"word": "E", "bbox": ["137,49", "142,49", "142,58", "137,58"]}, {"word": "GILI", "bbox": ["144,49", "157,49", "157,58", "144,58"]}, {"word": "(HABLIS", "bbox": ["110,194", "141,194", "141,205", "110,205"]}, {"word": "GRAND", "bbox": ["145,194", "173,194", "173,205", "145,205"]}, {"word": "CE", "bbox": ["175,194", "181,194", "181,205", "175,205"]}, {"word": "BOUGROS", "bbox": ["129,209", "168,209", "168,216", "129,216"]}, {"word": "VILLIAM", "bbox": ["115,232", "154,232", "154,240", "115,240"]}, {"word": "FEVRE", "bbox": ["162,231", "186,231", "186,242", "162,242"]}, {"word": "2004", "bbox": ["139,247", "158,247", "158,253", "139,253"]}]