[{"word": "UINE", "bbox": ["189,76", "217,62", "221,71", "193,85"]}, {"word": "QUALITY", "bbox": ["228,59", "268,91", "257,104", "217,72"]}, {"word": "QU.", "bbox": ["56,67", "74,70", "72,81", "54,78"]}, {"word": "QUALITY", "bbox": ["139,71", "182,104", "171,118", "128,85"]}, {"word": "GUINN", "bbox": ["2,112", "61,116", "59,146", "0,142"]}, {"word": "GUINNESS", "bbox": ["84,128", "188,120", "190,154", "87,162"]}, {"word": "INNESS", "bbox": ["201,118", "270,113", "272,144", "203,149"]}, {"word": "ORIGINAL", "bbox": ["192,152", "244,151", "244,160", "192,161"]}, {"word": "ORIGINAI", "bbox": ["28,150", "77,151", "77,162", "28,161"]}, {"word": "AMES'S", "bbox": ["21,154", "52,181", "41,194", "10,167"]}, {"word": "MES'S", "bbox": ["191,168", "214,182", "210,189", "186,176"]}, {"word": "ORIGINAL", "bbox": ["106,169", "158,169", "158,176", "106,176"]}, {"word": "GATE", "bbox": ["49,180", "74,173", "76,182", "51,189"]}, {"word": "GATE", "bbox": ["124,201", "144,184", "156,198", "136,215"]}, {"word": "CHILLED", "bbox": ["219,235", "251,234", "251,238", "219,239"]}, {"word": "SERVE", "bbox": ["24,232", "45,233", "45,238", "24,237"]}, {"word": "NITng", "bbox": ["176,170", "158,198", "150,193", "168,165"]}, {"word": "r.", "bbox": ["96,168", "105,178", "96,186", "87,176"]}, {"word": "JAMESS", "bbox": ["103,176", "127,203", "117,212", "93,185"]}]