[{"word": "Demaine", "bbox": ["140,106", "297,107", "297,166", "140,165"]}, {"word": "Lareske", "bbox": ["310,117", "407,118", "407,162", "310,161"]}, {"word": "CHABLIS", "bbox": ["223,172", "357,170", "357,190", "223,192"]}, {"word": "APPELLATION", "bbox": ["216,194", "274,193", "274,202", "216,203"]}, {"word": "CHABLIS", "bbox": ["278,196", "315,195", "315,202", "278,203"]}, {"word": "CONTROL\u00c9E", "bbox": ["318,192", "363,191", "363,200", "318,201"]}, {"word": "Saint", "bbox": ["214,209", "281,209", "281,243", "214,243"]}, {"word": "Marlin", "bbox": ["295,209", "374,209", "374,243", "295,243"]}, {"word": "CndGod", "bbox": ["143,252", "174,266", "171,272", "140,258"]}, {"word": "T", "bbox": ["188,270", "188,270", "187,276", "187,276"]}, {"word": "HS", "bbox": ["192,271", "199,272", "198,278", "191,277"]}, {"word": "EN", "bbox": ["205,273", "212,274", "211,281", "204,280"]}, {"word": "BOUTEILLE", "bbox": ["225,276", "256,279", "255,286", "224,283"]}, {"word": "PAR", "bbox": ["268,280", "276,280", "276,287", "268,287"]}, {"word": "LAROCHE,", "bbox": ["0,0", "303,-22", "325,284", "22,306"]}, {"word": "L'OsEDIENCERE", "bbox": ["330,276", "381,265", "383,273", "332,284"]}, {"word": "r", "bbox": ["382,265", "387,262", "390,268", "385,270"]}, {"word": "C", "bbox": ["391,260", "392,260", "395,265", "394,265"]}, {"word": "2006", "bbox": ["268,255", "311,254", "311,267", "268,268"]}, {"word": "AR", "bbox": ["198,315", "256,324", "253,343", "195,335"]}, {"word": "CHE", "bbox": ["352,312", "395,299", "400,317", "357,329"]}, {"word": "Pfat", "bbox": ["314,360", "333,360", "333,364", "314,364"]}, {"word": "candatas", "bbox": ["337,360", "365,360", "365,364", "337,364"]}, {"word": "th", "bbox": ["369,360", "377,360", "377,364", "369,364"]}, {"word": "ng", "bbox": ["383,362", "387,362", "387,365", "383,365"]}, {"word": "Fidi", "bbox": ["390,360", "400,360", "400,364", "390,364"]}, {"word": "imrek", "bbox": ["402,361", "422,361", "422,364", "402,364"]}, {"word": "on", "bbox": ["426,363", "431,363", "431,364", "426,364"]}, {"word": "Saptana", "bbox": ["434,360", "460,360", "460,366", "434,366"]}, {"word": ",", "bbox": ["464,360", "470,360", "470,364", "464,364"]}, {"word": "2008", "bbox": ["474,360", "488,360", "488,364", "474,364"]}]