[{"word": "U", "bbox": ["115,143", "130,143", "130,164", "115,164"]}, {"word": "KALICHA", "bbox": ["132,143", "199,144", "199,165", "132,164"]}, {"word": "4KALICHA", "bbox": ["299,144", "409,144", "409,163", "299,163"]}, {"word": "TOPFER", "bbox": ["105,262", "152,260", "153,275", "106,277"]}, {"word": "RATR", "bbox": ["157,259", "202,257", "203,273", "158,275"]}, {"word": "MPFER", "bbox": ["306,260", "350,262", "350,275", "306,273"]}, {"word": "&", "bbox": ["354,262", "364,262", "364,275", "354,275"]}, {"word": "B", "bbox": ["366,262", "374,262", "374,275", "366,275"]}]