[{"word": "g", "bbox": ["313,231", "320,228", "326,243", "319,246"]}, {"word": "Industry", "bbox": ["322,226", "352,214", "358,230", "328,242"]}, {"word": "CHAMPION", "bbox": ["328,231", "400,231", "400,249", "328,249"]}, {"word": "Internatioe", "bbox": ["362,217", "409,224", "407,240", "360,233"]}, {"word": "BOTTLED", "bbox": ["315,251", "368,245", "369,262", "317,268"]}, {"word": "ALE", "bbox": ["371,245", "395,242", "397,259", "373,262"]}, {"word": "BITTER", "bbox": ["301,636", "424,636", "424,665", "301,665"]}, {"word": "&", "bbox": ["279,682", "304,682", "304,711", "279,711"]}, {"word": "TWISTED", "bbox": ["312,681", "450,679", "451,714", "313,716"]}, {"word": "TEWERY", "bbox": ["290,776", "456,758", "464,829", "298,847"]}, {"word": "SCOTLAND", "bbox": ["338,822", "405,823", "405,839", "338,838"]}]