[{"word": "PARTY", "bbox": ["46,108", "317,118", "314,184", "44,174"]}, {"word": "LIKE", "bbox": ["46,180", "119,182", "118,208", "45,206"]}, {"word": "THE", "bbox": ["130,181", "186,183", "185,208", "129,206"]}, {"word": "IRISH!", "bbox": ["199,185", "296,188", "295,210", "198,207"]}, {"word": "St.Patrick's", "bbox": ["93,220", "163,221", "163,237", "93,236"]}, {"word": "Day", "bbox": ["169,223", "192,223", "192,237", "169,237"]}, {"word": "March", "bbox": ["197,219", "237,220", "237,242", "197,241"]}, {"word": "17", "bbox": ["245,224", "258,224", "258,234", "245,234"]}, {"word": "GUINNESS", "bbox": ["349,238", "436,241", "435,259", "348,256"]}, {"word": "Guinness", "bbox": ["51,310", "102,312", "102,324", "51,322"]}, {"word": "the", "bbox": ["107,313", "126,314", "126,324", "107,323"]}, {"word": "Official", "bbox": ["132,311", "172,312", "172,324", "132,323"]}, {"word": "Beer", "bbox": ["178,315", "204,316", "204,324", "178,323"]}, {"word": "of", "bbox": ["210,316", "220,316", "220,325", "210,325"]}, {"word": "St.Patrick's", "bbox": ["226,316", "290,318", "290,329", "226,327"]}, {"word": "Day", "bbox": ["297,320", "318,321", "318,330", "297,329"]}]