[{"word": "Laroche", "bbox": ["171,169", "289,173", "287,215", "169,211"]}, {"word": "CHABLIS", "bbox": ["191,214", "279,216", "279,231", "191,229"]}, {"word": "2007", "bbox": ["222,240", "246,241", "246,249", "222,248"]}, {"word": "LEO", "bbox": ["0,0", "220,56", "170,253", "-50,197"]}, {"word": "AOC", "bbox": ["245,257", "258,256", "258,261", "245,262"]}, {"word": "a", "bbox": ["284,253", "286,253", "287,257", "285,258"]}, {"word": "NON", "bbox": ["19,284", "122,284", "122,301", "19,301"]}, {"word": "CABERN", "bbox": ["479,306", "334,306", "334,287", "479,287"]}, {"word": "ZOLA", "bbox": ["81,51", "103,83", "86,95", "64,63"]}]