[{"word": "GER", "bbox": ["6,84", "55,85", "55,117", "6,116"]}, {"word": "TOI", "bbox": ["26,125", "58,126", "58,141", "26,140"]}, {"word": "GERITOL.", "bbox": ["79,124", "161,126", "161,146", "79,144"]}, {"word": "High", "bbox": ["6,170", "22,170", "22,179", "6,179"]}, {"word": "Potency", "bbox": ["26,170", "55,170", "55,178", "26,178"]}, {"word": "&", "bbox": ["23,182", "27,182", "27,188", "23,188"]}, {"word": "Iron", "bbox": ["31,181", "45,181", "45,188", "31,188"]}, {"word": "Su", "bbox": ["48,181", "57,181", "57,188", "48,188"]}, {"word": "4FL", "bbox": ["32,219", "45,219", "45,226", "32,226"]}, {"word": "02", "bbox": ["48,219", "55,219", "55,226", "48,226"]}]