[{"word": "cas", "bbox": ["1,175", "35,170", "40,204", "6,209"]}, {"word": "NA", "bbox": ["1,239", "8,237", "13,253", "6,255"]}, {"word": "\u672c", "bbox": ["474,152", "493,145", "499,161", "481,169"]}, {"word": "oica", "bbox": ["307,193", "417,173", "425,215", "315,235"]}, {"word": "KANZANA", "bbox": ["88,257", "137,238", "144,255", "94,274"]}, {"word": "MANZANA", "bbox": ["231,248", "285,233", "290,252", "236,266"]}, {"word": "IMPORT", "bbox": ["361,215", "408,209", "410,224", "363,230"]}, {"word": "naGURar", "bbox": ["460,191", "496,178", "499,187", "464,200"]}, {"word": "dho", "bbox": ["322,243", "355,242", "356,266", "323,267"]}, {"word": "Tropical", "bbox": ["365,241", "426,239", "427,264", "366,266"]}]