[{"word": "SAUTERNES-APPELLATION", "bbox": ["26,516", "208,535", "205,560", "23,541"]}, {"word": "CONTROLE", "bbox": ["214,534", "281,526", "282,542", "216,550"]}, {"word": "haleau", "bbox": ["10,582", "134,600", "124,665", "0,647"]}, {"word": "Lur-Saluces", "bbox": ["61,666", "243,677", "240,717", "59,706"]}, {"word": "1966.", "bbox": ["117,729", "189,731", "188,750", "116,748"]}, {"word": "WIS", "bbox": ["37,757", "58,762", "55,776", "34,772"]}, {"word": "EN", "bbox": ["65,763", "74,765", "71,779", "62,778"]}, {"word": "BOUTEILLE", "bbox": ["85,767", "175,775", "173,792", "83,784"]}, {"word": "AU", "bbox": ["183,775", "197,774", "198,789", "184,790"]}, {"word": "CHATEAU", "bbox": ["206,773", "258,766", "260,782", "208,789"]}, {"word": "mdby", "bbox": ["44,818", "75,827", "70,843", "39,834"]}, {"word": "BARTON", "bbox": ["79,827", "140,835", "137,852", "77,845"]}, {"word": "&", "bbox": ["151,835", "156,835", "156,851", "151,851"]}, {"word": "GUESTIER", "bbox": ["162,835", "226,830", "227,848", "163,853"]}, {"word": "Berda", "bbox": ["240,828", "261,824", "264,840", "243,844"]}, {"word": "WHITE", "bbox": ["50,854", "85,865", "81,878", "46,866"]}, {"word": "WINE", "bbox": ["87,866", "118,876", "114,886", "84,876"]}, {"word": "CE", "bbox": ["122,876", "180,874", "181,909", "123,911"]}, {"word": "dy", "bbox": ["38,899", "68,909", "64,923", "33,913"]}, {"word": "CHATEAU", "bbox": ["73,911", "131,921", "128,936", "70,926"]}, {"word": "&", "bbox": ["137,921", "141,921", "140,935", "136,935"]}, {"word": "ESTATE", "bbox": ["144,921", "189,920", "189,936", "144,937"]}, {"word": "WINES", "bbox": ["198,920", "234,913", "237,928", "201,935"]}, {"word": "CP", "bbox": ["241,910", "261,902", "266,916", "246,924"]}, {"word": "PRODECE", "bbox": ["196,874", "246,860", "250,872", "200,887"]}, {"word": "NEW", "bbox": ["110,941", "136,942", "136,950", "110,949"]}, {"word": "YORK,", "bbox": ["142,938", "180,939", "179,955", "141,954"]}, {"word": "NY", "bbox": ["182,940", "193,940", "192,955", "181,955"]}, {"word": "IMA", "bbox": ["236,1098", "200,1076", "209,1061", "245,1083"]}, {"word": "OCKT", "bbox": ["287,981", "310,1008", "296,1021", "273,993"]}]