[{"word": "VODKA", "bbox": ["286,123", "446,127", "445,173", "285,169"]}, {"word": "MENOW", "bbox": ["95,148", "149,147", "149,165", "95,166"]}, {"word": "with", "bbox": ["349,171", "381,171", "381,183", "349,183"]}, {"word": "ORANGE", "bbox": ["292,194", "434,178", "438,215", "296,231"]}, {"word": "330ml", "bbox": ["253,235", "299,237", "298,251", "252,249"]}, {"word": "6%", "bbox": ["359,240", "385,239", "385,251", "359,252"]}, {"word": "ALC/", "bbox": ["395,237", "435,236", "435,254", "395,255"]}, {"word": "VOL", "bbox": ["437,236", "453,236", "453,253", "437,253"]}]