[{"word": "Mise", "bbox": ["88,28", "103,27", "104,36", "89,37"]}, {"word": "au", "bbox": ["106,28", "113,27", "113,31", "106,32"]}, {"word": "Don", "bbox": ["116,26", "138,24", "139,33", "117,35"]}, {"word": "of", "bbox": ["138,402", "145,402", "145,407", "138,407"]}, {"word": "ct", "bbox": ["147,402", "158,401", "158,406", "147,407"]}, {"word": "CHABLIS", "bbox": ["57,422", "117,422", "117,436", "57,436"]}, {"word": "1er", "bbox": ["119,422", "135,422", "135,436", "119,436"]}, {"word": "CRU", "bbox": ["137,422", "160,422", "160,436", "137,436"]}, {"word": "OLTA", "bbox": ["139,422", "161,408", "165,414", "143,428"]}, {"word": "LYSVORETS", "bbox": ["82,440", "130,439", "130,448", "82,449"]}, {"word": "1PIRILLES", "bbox": ["73,451", "109,451", "109,457", "73,457"]}, {"word": "VIGNES", "bbox": ["116,453", "140,453", "140,458", "116,458"]}, {"word": "2006", "bbox": ["96,461", "120,461", "120,469", "96,469"]}, {"word": "DOMAINE", "bbox": ["73,474", "96,474", "96,482", "73,482"]}, {"word": "VOCOETA", "bbox": ["99,475", "134,476", "134,484", "99,483"]}, {"word": "FIS", "bbox": ["134,476", "144,476", "144,481", "134,481"]}]