[{"word": "12", "bbox": ["42,116", "50,116", "50,129", "42,129"]}, {"word": "12", "bbox": ["65,128", "78,128", "78,140", "65,140"]}, {"word": "OUZO", "bbox": ["60,143", "80,143", "80,148", "60,148"]}, {"word": "UZO", "bbox": ["108,150", "172,151", "172,177", "108,176"]}, {"word": "YPNABOY", "bbox": ["95,180", "159,183", "158,199", "94,196"]}, {"word": "12", "bbox": ["68,276", "104,275", "105,308", "69,309"]}, {"word": "OUZOPATZH", "bbox": ["54,314", "169,315", "169,335", "54,334"]}, {"word": "12", "bbox": ["259,285", "299,283", "300,314", "260,316"]}, {"word": "to", "bbox": ["199,298", "221,307", "215,322", "193,314"]}, {"word": "OUZO", "bbox": ["238,325", "313,327", "312,345", "237,343"]}, {"word": "METH", "bbox": ["83,395", "99,393", "99,396", "83,398"]}]