[{"word": "SMIRNOFF", "bbox": ["152,268", "303,265", "304,301", "153,304"]}, {"word": "\u6b63\u5317", "bbox": ["25,316", "123,316", "123,364", "25,364"]}, {"word": "\u95e8", "bbox": ["125,316", "175,316", "175,364", "125,364"]}, {"word": "\u4e9b", "bbox": ["196,320", "210,320", "210,364", "196,364"]}, {"word": "\u773e", "bbox": ["212,316", "256,316", "256,364", "212,364"]}, {"word": "\u89c2", "bbox": ["258,316", "297,316", "297,364", "258,364"]}, {"word": "\u90e8", "bbox": ["390,316", "460,316", "460,364", "390,364"]}, {"word": "Tuiple", "bbox": ["176,355", "215,355", "215,376", "176,376"]}, {"word": "Distilled", "bbox": ["219,354", "285,353", "285,375", "219,376"]}, {"word": "FOR", "bbox": ["204,377", "220,377", "220,383", "204,383"]}, {"word": "PERITY", "bbox": ["223,377", "254,377", "254,382", "223,382"]}, {"word": "PREMIUM", "bbox": ["186,391", "232,391", "232,398", "186,398"]}, {"word": "VODKA", "bbox": ["238,389", "275,389", "275,398", "238,398"]}, {"word": "21", "bbox": ["214,414", "243,414", "243,424", "214,424"]}]