[{"word": "45%", "bbox": ["214,203", "230,203", "230,210", "214,210"]}, {"word": "vol", "bbox": ["233,204", "243,204", "243,209", "233,209"]}, {"word": "YEN\u0130", "bbox": ["193,212", "256,211", "256,241", "193,242"]}, {"word": "RAKI", "bbox": ["196,238", "261,238", "261,267", "196,267"]}, {"word": "TEK\u0130RDAG", "bbox": ["110,258", "162,259", "162,280", "110,279"]}, {"word": "REN", "bbox": ["194,265", "223,265", "223,271", "194,271"]}, {"word": "ME", "bbox": ["240,267", "253,267", "253,270", "240,270"]}, {"word": "M", "bbox": ["255,268", "257,268", "257,270", "255,270"]}, {"word": "ECIALTY", "bbox": ["233,271", "260,272", "260,282", "233,281"]}, {"word": "70", "bbox": ["215,302", "225,302", "225,309", "215,309"]}, {"word": "ol", "bbox": ["228,302", "236,302", "236,309", "228,309"]}, {"word": "FOR", "bbox": ["201,323", "216,323", "216,330", "201,330"]}, {"word": "DUTY", "bbox": ["219,323", "237,323", "237,331", "219,331"]}, {"word": "FR", "bbox": ["242,324", "251,324", "251,331", "242,331"]}]