[{"word": "ROOT", "bbox": ["220,4", "499,4", "499,153", "220,153"]}, {"word": "BEER", "bbox": ["218,146", "497,145", "498,280", "219,281"]}, {"word": "FLONTS", "bbox": ["216,270", "499,270", "499,423", "216,423"]}, {"word": "SOLID", "bbox": ["84,152", "211,154", "210,188", "83,186"]}, {"word": "VISION", "bbox": ["83,187", "200,188", "200,215", "83,214"]}, {"word": "STUDIO", "bbox": ["83,215", "203,215", "203,241", "83,241"]}, {"word": "COPURICUT", "bbox": ["87,242", "164,242", "164,256", "87,256"]}, {"word": "2007", "bbox": ["172,242", "204,242", "204,253", "172,253"]}]