[{"word": "HA", "bbox": ["74,274", "86,275", "85,285", "73,284"]}, {"word": "STEr", "bbox": ["481,329", "499,331", "498,341", "480,339"]}, {"word": "MILT", "bbox": ["307,326", "327,329", "326,337", "306,334"]}, {"word": "INE", "bbox": ["342,331", "355,333", "354,339", "341,337"]}, {"word": "LIKI", "bbox": ["357,333", "370,335", "369,342", "356,340"]}, {"word": "MANSIN", "bbox": ["385,337", "420,342", "419,348", "384,343"]}, {"word": "MEOHE", "bbox": ["434,343", "465,347", "464,354", "433,350"]}, {"word": "EAM", "bbox": ["478,351", "490,353", "489,358", "477,356"]}, {"word": "S", "bbox": ["494,352", "499,353", "498,359", "493,358"]}]