[{"word": "BRAND", "bbox": ["343,135", "390,139", "389,145", "342,141"]}, {"word": "ROOT", "bbox": ["298,151", "361,158", "357,185", "295,178"]}, {"word": "BEER", "bbox": ["368,159", "421,165", "418,189", "365,183"]}, {"word": "TRADE", "bbox": ["324,198", "353,201", "352,207", "323,204"]}, {"word": "MARK", "bbox": ["363,203", "390,206", "389,211", "362,208"]}, {"word": "REWO", "bbox": ["299,210", "404,224", "397,273", "292,259"]}, {"word": "11.s", "bbox": ["319,283", "335,286", "334,291", "318,288"]}, {"word": "QUNCES", "bbox": ["340,285", "373,291", "372,296", "339,291"]}]