[{"word": "2008", "bbox": ["165,123", "211,122", "211,138", "165,139"]}, {"word": "NESS", "bbox": ["1,216", "29,214", "30,232", "2,234"]}, {"word": "FOREIGN", "bbox": ["395,239", "447,240", "447,248", "395,247"]}, {"word": "EXTRA", "bbox": ["402,248", "442,248", "442,258", "402,258"]}, {"word": "FOREION", "bbox": ["169,318", "211,317", "211,325", "169,326"]}, {"word": "EXTRA", "bbox": ["172,328", "206,327", "206,336", "172,337"]}, {"word": "RA", "bbox": ["9,415", "24,425", "15,438", "0,428"]}, {"word": "STOUT", "bbox": ["30,429", "62,451", "53,464", "21,442"]}, {"word": "QUALITY", "bbox": ["402,416", "466,429", "462,448", "398,436"]}, {"word": "59", "bbox": ["6,460", "19,459", "19,467", "7,468"]}, {"word": "NESS", "bbox": ["1,482", "64,478", "66,513", "3,517"]}, {"word": "GUINNESS", "bbox": ["346,480", "497,480", "497,535", "346,535"]}, {"word": "GUINNESS", "bbox": ["144,508", "249,510", "248,542", "143,540"]}, {"word": "IEXTRA", "bbox": ["1,517", "39,515", "39,524", "2,526"]}, {"word": "FOREIGN", "bbox": ["179,550", "222,550", "222,559", "179,559"]}, {"word": "EXTRA", "bbox": ["184,559", "216,559", "216,566", "184,566"]}, {"word": "FOREIGN", "bbox": ["386,541", "450,543", "450,554", "386,552"]}, {"word": "EXTRA", "bbox": ["393,552", "442,553", "442,567", "393,566"]}, {"word": "ATE", "bbox": ["3,568", "28,561", "32,574", "6,581"]}, {"word": "G", "bbox": ["3,592", "9,588", "15,599", "9,602"]}, {"word": "ALKON", "bbox": ["32,576", "54,563", "60,573", "38,586"]}, {"word": "LIMITED", "bbox": ["168,694", "206,694", "206,701", "168,701"]}, {"word": "EDITION", "bbox": ["211,695", "249,695", "249,701", "211,701"]}]