[{"word": "2001", "bbox": ["202,158", "336,157", "336,194", "202,195"]}, {"word": "CHATEAU", "bbox": ["159,245", "361,243", "361,279", "159,281"]}, {"word": "1er", "bbox": ["180,375", "208,375", "208,390", "180,390"]}, {"word": "Cru", "bbox": ["219,378", "260,378", "260,396", "219,396"]}, {"word": "Class\u00e9", "bbox": ["271,373", "340,373", "340,394", "271,394"]}, {"word": "SAUTERNES", "bbox": ["0,0", "388,-14", "404,426", "16,441"]}, {"word": "APPELLATION", "bbox": ["139,420", "218,433", "216,448", "137,435"]}, {"word": "SAUTERNES", "bbox": ["231,434", "298,430", "299,445", "232,449"]}, {"word": "CONTR\u00d3L\u00c9E", "bbox": ["313,428", "375,415", "378,429", "316,442"]}, {"word": "Mis", "bbox": ["92,427", "136,445", "129,465", "84,446"]}, {"word": "SCEA", "bbox": ["94,456", "124,468", "119,479", "90,467"]}, {"word": "J.", "bbox": ["133,472", "140,474", "136,486", "129,483"]}, {"word": "&", "bbox": ["145,476", "148,477", "144,488", "141,487"]}, {"word": "J.", "bbox": ["152,477", "158,479", "154,491", "149,490"]}, {"word": "PAULY", "bbox": ["164,481", "197,486", "195,499", "162,494"]}, {"word": "-", "bbox": ["207,487", "208,487", "207,499", "206,499"]}, {"word": "Viticulteurs", "bbox": ["213,487", "269,489", "269,502", "213,500"]}, {"word": "\u00e0", "bbox": ["277,488", "285,487", "286,499", "278,500"]}, {"word": "Bommes", "bbox": ["290,487", "328,481", "330,494", "292,500"]}, {"word": "Gironde", "bbox": ["342,478", "377,466", "381,479", "346,490"]}, {"word": "France", "bbox": ["386,462", "409,451", "414,463", "391,474"]}, {"word": "Bouteiller", "bbox": ["169,457", "304,457", "304,487", "169,487"]}, {"word": "en", "bbox": ["141,458", "162,464", "160,472", "139,467"]}, {"word": "IMPORTED", "bbox": ["141,545", "209,554", "207,574", "138,565"]}, {"word": "BY:", "bbox": ["222,555", "238,555", "238,574", "222,574"]}, {"word": "LIQUIDLINK,", "bbox": ["244,555", "325,546", "327,567", "246,576"]}, {"word": "LLC", "bbox": ["326,546", "347,541", "352,559", "330,564"]}, {"word": "77%", "bbox": ["58,546", "77,557", "69,571", "50,560"]}, {"word": "TO", "bbox": ["80,559", "89,564", "81,578", "72,573"]}, {"word": "14%", "bbox": ["93,568", "109,576", "102,589", "86,581"]}, {"word": "ALC.", "bbox": ["113,578", "133,586", "127,600", "108,592"]}, {"word": "BY", "bbox": ["135,586", "149,590", "145,605", "131,600"]}, {"word": "VOL.", "bbox": ["155,591", "177,596", "174,612", "151,607"]}, {"word": "OUCE", "bbox": ["64,573", "95,588", "87,603", "56,588"]}, {"word": "OF", "bbox": ["96,589", "107,594", "99,610", "88,604"]}, {"word": "FRANCE.", "bbox": ["108,595", "150,616", "143,631", "100,610"]}, {"word": "CONTENTS", "bbox": ["353,582", "393,555", "402,568", "362,595"]}, {"word": "PR", "bbox": ["397,553", "406,547", "415,560", "406,566"]}, {"word": "BORDEAUN", "bbox": ["359,601", "414,563", "424,577", "369,615"]}, {"word": "PALOS", "bbox": ["124,561", "164,570", "160,589", "120,580"]}, {"word": "VERDES", "bbox": ["172,572", "220,577", "218,595", "170,590"]}, {"word": "ESTATES,", "bbox": ["226,577", "292,573", "293,593", "227,597"]}, {"word": "CALIFORNIA", "bbox": ["295,572", "366,556", "370,574", "299,591"]}]