[{"word": "SLOUX", "bbox": ["62,182", "88,181", "88,199", "62,200"]}, {"word": "CITY.", "bbox": ["94,182", "116,181", "116,198", "94,199"]}, {"word": "ARSAPARII", "bbox": ["41,201", "116,197", "117,222", "43,227"]}, {"word": "ata", "bbox": ["56,275", "67,276", "66,281", "55,280"]}, {"word": "AT", "bbox": ["0,0", "102,8", "81,283", "-21,275"]}, {"word": "OF", "bbox": ["92,277", "97,277", "98,282", "93,283"]}, {"word": "ALL", "bbox": ["99,277", "104,276", "105,281", "100,282"]}, {"word": "Re", "bbox": ["108,276", "112,275", "113,280", "109,281"]}, {"word": "Ce", "bbox": ["104,283", "111,281", "112,285", "105,287"]}]