[{"word": "SINCE", "bbox": ["158,169", "183,169", "183,177", "158,177"]}, {"word": "1924", "bbox": ["139,174", "207,177", "206,195", "138,192"]}, {"word": "Root", "bbox": ["43,450", "92,451", "91,482", "42,481"]}, {"word": "Beer", "bbox": ["96,455", "155,456", "155,477", "96,476"]}, {"word": "Racinete", "bbox": ["169,455", "265,457", "265,483", "169,481"]}, {"word": "ORIGINA", "bbox": ["121,499", "180,494", "181,513", "122,518"]}, {"word": "Stewanis", "bbox": ["78,504", "235,505", "235,557", "78,556"]}, {"word": "Fountain", "bbox": ["100,567", "158,567", "158,584", "100,584"]}, {"word": "Classics", "bbox": ["163,565", "214,565", "214,587", "163,587"]}, {"word": "COLD", "bbox": ["63,622", "96,627", "93,641", "61,636"]}, {"word": "BREWED", "bbox": ["61,631", "104,636", "102,652", "59,647"]}, {"word": "DRAFT", "bbox": ["65,648", "97,652", "96,660", "64,656"]}, {"word": "BoissON", "bbox": ["212,627", "257,624", "258,637", "213,640"]}, {"word": "INFUS\u00c9E", "bbox": ["212,636", "255,634", "256,650", "213,652"]}, {"word": "\u00c0", "bbox": ["225,649", "231,649", "232,662", "226,662"]}, {"word": "FROID", "bbox": ["233,648", "254,647", "255,661", "234,662"]}, {"word": "OAVERTISSEMENT", "bbox": ["59,669", "140,675", "139,686", "58,680"]}, {"word": "355ml", "bbox": ["242,670", "263,667", "265,678", "244,682"]}]