[{"word": "PEPSI", "bbox": ["35,152", "98,151", "98,168", "35,169"]}, {"word": "PEPS", "bbox": ["132,147", "186,147", "186,165", "132,165"]}, {"word": "FHIRE", "bbox": ["4,179", "104,173", "107,227", "7,233"]}, {"word": "ICE", "bbox": ["116,172", "185,168", "188,222", "119,226"]}, {"word": "L", "bbox": ["42,230", "47,230", "46,240", "41,240"]}, {"word": "ON", "bbox": ["53,230", "62,231", "61,241", "52,240"]}, {"word": "FIRE", "bbox": ["64,230", "75,231", "74,242", "63,241"]}, {"word": "ICE", "bbox": ["135,228", "145,227", "146,236", "136,237"]}, {"word": "MINI", "bbox": ["147,228", "158,227", "158,233", "147,234"]}, {"word": "CI", "bbox": ["161,225", "174,224", "175,234", "162,235"]}]