[{"word": "DRAMBUIE", "bbox": ["330,129", "418,110", "423,133", "335,152"]}, {"word": "Prince", "bbox": ["307,160", "336,154", "340,170", "311,177"]}, {"word": "Cha", "bbox": ["338,153", "354,150", "357,166", "342,170"]}, {"word": "tdwink", "bbox": ["370,146", "404,139", "408,156", "374,164"]}, {"word": "LIOUR", "bbox": ["334,174", "393,164", "396,182", "337,193"]}, {"word": "THE", "bbox": ["305,264", "329,264", "329,272", "305,272"]}, {"word": "OF", "bbox": ["282,274", "308,273", "308,283", "282,284"]}, {"word": "SKYE", "bbox": ["309,273", "339,272", "339,283", "309,284"]}, {"word": "Charles", "bbox": ["276,413", "348,410", "350,454", "278,457"]}, {"word": "Edward5", "bbox": ["366,411", "455,429", "447,473", "357,455"]}, {"word": "Logue", "bbox": ["463,429", "499,445", "481,486", "445,470"]}, {"word": "DRAMBUIE", "bbox": ["244,470", "477,470", "477,513", "244,513"]}, {"word": "MARK", "bbox": ["369,454", "402,466", "399,474", "366,462"]}, {"word": "TRADE", "bbox": ["328,465", "361,454", "364,463", "331,474"]}, {"word": "EG", "bbox": ["335,521", "350,524", "348,534", "333,531"]}, {"word": "US", "bbox": ["356,526", "368,526", "368,536", "356,536"]}, {"word": "PAT", "bbox": ["370,525", "379,523", "381,533", "373,536"]}, {"word": "OFF", "bbox": ["384,521", "397,515", "401,525", "389,531"]}, {"word": "A", "bbox": ["292,528", "299,530", "293,547", "287,545"]}, {"word": "LINK", "bbox": ["303,530", "333,537", "328,557", "298,549"]}, {"word": "WITH", "bbox": ["346,540", "384,539", "384,558", "346,559"]}, {"word": "THE", "bbox": ["401,537", "427,532", "430,550", "404,555"]}, {"word": "45", "bbox": ["435,530", "453,526", "457,543", "439,548"]}, {"word": "e", "bbox": ["235,559", "242,559", "242,575", "235,575"]}, {"word": "Aacient", "bbox": ["244,559", "268,560", "268,577", "244,576"]}, {"word": "and", "bbox": ["272,566", "282,566", "282,573", "272,573"]}, {"word": "delicate", "bbox": ["290,564", "322,565", "322,576", "290,575"]}, {"word": "Liqueur", "bbox": ["329,565", "365,566", "365,579", "329,578"]}, {"word": "was", "bbox": ["371,569", "389,570", "389,579", "371,578"]}, {"word": "prepared", "bbox": ["396,564", "434,565", "434,581", "396,580"]}, {"word": "in", "bbox": ["441,567", "446,567", "446,581", "441,581"]}, {"word": "Skye", "bbox": ["452,565", "466,565", "466,582", "452,582"]}, {"word": "we", "bbox": ["473,567", "478,567", "478,571", "473,571"]}, {"word": "pe", "bbox": ["232,572", "249,574", "247,589", "230,587"]}, {"word": "was", "bbox": ["252,575", "261,576", "259,591", "250,590"]}, {"word": "first", "bbox": ["265,577", "280,578", "279,593", "264,592"]}, {"word": "brought", "bbox": ["286,578", "319,580", "318,596", "285,594"]}, {"word": "to", "bbox": ["325,580", "335,580", "335,595", "325,595"]}, {"word": "Scotland", "bbox": ["341,580", "378,580", "378,595", "341,595"]}, {"word": "in", "bbox": ["387,580", "394,580", "394,595", "387,595"]}, {"word": "1745.", "bbox": ["403,580", "423,580", "423,595", "403,595"]}, {"word": "375ml", "bbox": ["429,579", "452,578", "453,594", "430,595"]}, {"word": "40%", "bbox": ["456,578", "471,577", "472,592", "457,593"]}, {"word": "ALC", "bbox": ["474,576", "483,575", "485,591", "476,592"]}]