[{"word": "250", "bbox": ["167,118", "219,117", "219,140", "167,141"]}, {"word": "GUINNESS", "bbox": ["138,292", "235,292", "235,324", "138,324"]}, {"word": "250", "bbox": ["163,330", "213,330", "213,352", "163,352"]}, {"word": "RY", "bbox": ["192,359", "201,351", "208,358", "199,366"]}, {"word": "ST", "bbox": ["206,352", "212,346", "217,351", "211,357"]}, {"word": "DUBLIN", "bbox": ["209,247", "234,285", "224,292", "199,254"]}, {"word": "EAMESS", "bbox": ["140,281", "173,242", "186,253", "153,292"]}, {"word": "ANNIVE", "bbox": ["157,328", "178,356", "170,362", "148,335"]}]