[{"word": "O", "bbox": ["337,131", "347,131", "346,146", "336,146"]}, {"word": "PEPSI", "bbox": ["350,132", "386,134", "385,147", "349,146"]}, {"word": "STUFF", "bbox": ["390,133", "431,135", "430,150", "389,148"]}, {"word": "D", "bbox": ["439,135", "447,135", "447,145", "439,145"]}, {"word": "MO", "bbox": ["455,136", "466,136", "465,152", "454,152"]}, {"word": "MUSIC", "bbox": ["435,133", "462,132", "462,139", "435,140"]}, {"word": "PEPSI", "bbox": ["352,268", "457,270", "457,295", "352,293"]}]