[{"word": "TAINE", "bbox": ["106,221", "162,245", "154,264", "98,240"]}, {"word": "MOREAU", "bbox": ["0,0", "261,-16", "277,267", "17,282"]}, {"word": "&", "bbox": ["279,242", "285,240", "291,258", "285,260"]}, {"word": "FILS", "bbox": ["291,238", "318,226", "326,243", "299,255"]}, {"word": "PRODUCT", "bbox": ["149,267", "187,271", "186,279", "148,275"]}, {"word": "Or", "bbox": ["189,275", "198,276", "197,280", "189,279"]}, {"word": "FRANGE", "bbox": ["203,274", "231,277", "230,284", "202,281"]}, {"word": "AAISON", "bbox": ["127,270", "166,282", "163,292", "124,280"]}, {"word": "FOND\u00c9E", "bbox": ["172,284", "220,289", "219,301", "171,296"]}, {"word": "EN", "bbox": ["226,289", "235,288", "236,297", "227,298"]}, {"word": "1814", "bbox": ["248,286", "264,284", "265,294", "249,296"]}, {"word": "Chablis", "bbox": ["113,334", "172,383", "161,396", "102,347"]}, {"word": "CLOS", "bbox": ["178,392", "227,393", "227,402", "178,401"]}, {"word": "GRAND", "bbox": ["191,402", "213,402", "213,408", "191,408"]}, {"word": "ORU", "bbox": ["229,401", "236,400", "237,405", "230,406"]}, {"word": "CONTROI", "bbox": ["0,0", "131,-44", "277,392", "146,436"]}, {"word": "TAMLIS", "bbox": ["157,424", "176,429", "175,433", "156,428"]}, {"word": "IVONNEL", "bbox": ["180,430", "211,432", "211,437", "180,435"]}, {"word": "P", "bbox": ["213,433", "213,433", "213,437", "213,437"]}, {"word": "RANCE", "bbox": ["222,430", "239,428", "240,434", "223,436"]}, {"word": "EAU&", "bbox": ["179,423", "212,424", "212,431", "179,430"]}, {"word": "FILS", "bbox": ["219,424", "240,422", "241,428", "220,430"]}]