[{"word": "ABSOLUT", "bbox": ["108,115", "165,114", "165,136", "108,137"]}, {"word": "VODKA", "bbox": ["101,137", "162,138", "162,156", "101,155"]}, {"word": "ABSOLUT", "bbox": ["338,118", "406,118", "406,135", "338,135"]}, {"word": "VODKA", "bbox": ["344,137", "405,138", "405,159", "344,158"]}, {"word": "Yeuntry", "bbox": ["99,132", "126,132", "126,139", "99,139"]}, {"word": "pan", "bbox": ["365,166", "394,166", "394,176", "365,176"]}, {"word": "a", "bbox": ["101,182", "107,182", "107,191", "101,191"]}, {"word": "pand", "bbox": ["120,181", "141,181", "141,191", "120,191"]}, {"word": "al", "bbox": ["143,181", "147,181", "147,190", "143,190"]}, {"word": "ndan", "bbox": ["349,195", "374,195", "374,202", "349,202"]}, {"word": "ha", "bbox": ["376,195", "406,195", "406,201", "376,201"]}, {"word": "IMPORTED", "bbox": ["115,237", "150,237", "150,243", "115,243"]}, {"word": "IMPORTED", "bbox": ["355,235", "393,235", "393,243", "355,243"]}, {"word": "ABSOIUT", "bbox": ["38,289", "130,289", "130,310", "38,310"]}, {"word": "DESIRE", "bbox": ["137,288", "220,288", "220,308", "137,308"]}, {"word": "IWDOBIED", "bbox": ["357,305", "394,305", "394,314", "357,314"]}]