[{"word": "ILITER", "bbox": ["238,133", "258,133", "258,141", "238,141"]}, {"word": "Cypstal", "bbox": ["330,227", "390,231", "388,259", "328,255"]}, {"word": "Crystal", "bbox": ["217,242", "282,244", "281,279", "216,277"]}, {"word": "Rulace", "bbox": ["333,250", "382,252", "381,274", "332,272"]}, {"word": "VODKA", "bbox": ["339,273", "380,274", "380,285", "339,284"]}, {"word": "Crystal", "bbox": ["39,258", "106,257", "107,286", "40,287"]}, {"word": "Tulace", "bbox": ["50,280", "100,280", "100,300", "50,300"]}, {"word": "VODKA", "bbox": ["56,299", "98,297", "99,312", "57,314"]}, {"word": "Rulace", "bbox": ["221,270", "271,270", "271,287", "221,287"]}, {"word": "VODKA", "bbox": ["228,287", "270,288", "270,303", "228,302"]}, {"word": "Coystal", "bbox": ["423,272", "476,275", "475,299", "422,296"]}, {"word": "Fulace", "bbox": ["425,291", "469,293", "468,309", "424,307"]}, {"word": "DISTILLED", "bbox": ["345,287", "375,288", "375,293", "345,292"]}, {"word": "DISTILLED", "bbox": ["234,304", "265,304", "265,309", "234,309"]}, {"word": "Crystal", "bbox": ["150,307", "197,306", "198,326", "151,327"]}, {"word": "Talace", "bbox": ["152,323", "191,324", "191,339", "152,338"]}, {"word": "DISTILLED", "bbox": ["63,314", "94,313", "94,319", "63,320"]}, {"word": "VODKA", "bbox": ["429,310", "466,311", "466,320", "429,319"]}, {"word": "DSTILLRD", "bbox": ["435,321", "461,322", "461,326", "435,325"]}, {"word": "VODKA", "bbox": ["157,341", "188,341", "188,349", "157,349"]}]