[{"word": "FRANCIS", "bbox": ["170,285", "229,286", "229,295", "170,294"]}, {"word": "HARTRIDGE's", "bbox": ["154,293", "245,293", "245,306", "154,306"]}, {"word": "CELEBRATED", "bbox": ["164,310", "235,311", "235,316", "164,315"]}, {"word": "ROO", "bbox": ["143,325", "249,324", "249,364", "143,365"]}, {"word": "BEER", "bbox": ["143,403", "251,398", "253,438", "145,443"]}, {"word": "Jauturing", "bbox": ["176,451", "214,451", "214,463", "176,463"]}, {"word": "NATURAL", "bbox": ["177,466", "219,466", "219,472", "177,472"]}, {"word": "SARSAPARILLA", "bbox": ["154,474", "217,475", "217,480", "154,479"]}, {"word": "ROOT", "bbox": ["221,475", "242,475", "242,480", "221,480"]}, {"word": "NO", "bbox": ["159,483", "167,483", "167,486", "159,486"]}, {"word": "ARTIFCIAL", "bbox": ["169,483", "203,483", "203,488", "169,488"]}, {"word": "COLOURS", "bbox": ["206,484", "237,484", "237,488", "206,488"]}, {"word": "FLAVOURS", "bbox": ["175,490", "209,491", "209,496", "175,495"]}, {"word": "OR", "bbox": ["211,491", "219,491", "219,495", "211,495"]}, {"word": "PCSERVATVES", "bbox": ["172,497", "223,498", "223,502", "172,501"]}]