[{"word": "SWEETEND", "bbox": ["131,150", "179,141", "183,160", "134,169"]}, {"word": "PURE", "bbox": ["139,172", "175,166", "178,185", "142,191"]}, {"word": "CANE", "bbox": ["123,191", "156,186", "159,207", "126,212"]}, {"word": "SUCAR", "bbox": ["157,185", "187,181", "190,202", "160,207"]}, {"word": "VITH", "bbox": ["151,165", "166,162", "166,166", "152,169"]}, {"word": "ONAND", "bbox": ["151,338", "180,333", "180,337", "152,342"]}, {"word": "GINGER", "bbox": ["112,359", "176,347", "180,368", "116,381"]}, {"word": "ALE", "bbox": ["181,345", "207,340", "211,362", "185,367"]}, {"word": "OTTL", "bbox": ["116,380", "165,414", "154,431", "105,396"]}, {"word": "....", "bbox": ["150,389", "177,382", "178,386", "151,393"]}, {"word": "12", "bbox": ["149,441", "157,439", "158,444", "150,446"]}, {"word": "OUNCES", "bbox": ["164,437", "193,429", "195,436", "166,444"]}]