[{"word": "DIE", "bbox": ["60,34", "108,35", "108,57", "60,56"]}, {"word": "SCH\u00d6NSTEN", "bbox": ["125,27", "313,30", "313,57", "125,54"]}, {"word": "TAGE", "bbox": ["330,36", "413,37", "413,59", "330,58"]}, {"word": "ENDEN", "bbox": ["428,37", "529,39", "529,61", "428,59"]}, {"word": "MILD.", "bbox": ["546,36", "635,37", "635,61", "546,60"]}, {"word": "MIT", "bbox": ["111,72", "149,72", "149,87", "111,87"]}, {"word": "12", "bbox": ["157,69", "179,69", "179,92", "157,92"]}, {"word": "GOLD,", "bbox": ["185,71", "247,71", "247,87", "185,87"]}, {"word": "DEM", "bbox": ["258,72", "303,72", "303,86", "258,86"]}, {"word": "NEUEN", "bbox": ["313,72", "383,72", "383,87", "313,87"]}, {"word": "ANIS-LIK\u00d6R", "bbox": ["393,69", "531,69", "531,92", "393,92"]}, {"word": "VON", "bbox": ["533,69", "579,69", "579,92", "533,92"]}, {"word": "OUZO", "bbox": ["579,74", "635,74", "635,89", "579,89"]}, {"word": "12", "bbox": ["646,73", "660,73", "660,87", "646,87"]}, {"word": "12", "bbox": ["722,97", "730,97", "730,108", "722,108"]}, {"word": "GOLD", "bbox": ["718,112", "737,112", "737,119", "718,119"]}, {"word": "NEU!", "bbox": ["706,221", "789,218", "790,243", "707,246"]}, {"word": "JETZT", "bbox": ["705,253", "730,252", "730,258", "705,259"]}, {"word": "PROBIEREN!", "bbox": ["735,250", "789,247", "789,257", "736,260"]}, {"word": "12", "bbox": ["694,306", "740,307", "739,345", "693,344"]}, {"word": "GOLD", "bbox": ["674,359", "765,362", "764,384", "673,381"]}, {"word": "SITR", "bbox": ["741,399", "721,399", "721,392", "741,392"]}, {"word": "2", "bbox": ["718,399", "712,399", "712,392", "718,392"]}, {"word": "MILD", "bbox": ["690,465", "709,465", "709,471", "690,471"]}, {"word": "&", "bbox": ["713,465", "722,465", "722,474", "713,474"]}, {"word": "FINE", "bbox": ["725,465", "742,465", "742,474", "725,474"]}, {"word": "ANIS", "bbox": ["683,478", "703,478", "703,484", "683,484"]}, {"word": "LIQUEUR", "bbox": ["708,477", "749,478", "749,488", "708,487"]}, {"word": "12", "bbox": ["36,499", "59,499", "59,517", "36,517"]}, {"word": "F\u00fcr", "bbox": ["85,524", "117,524", "117,540", "85,540"]}, {"word": "meine", "bbox": ["116,527", "150,527", "150,536", "116,536"]}, {"word": "Freunde", "bbox": ["157,527", "204,527", "204,536", "157,536"]}, {"word": "das", "bbox": ["210,527", "230,527", "230,536", "210,536"]}, {"word": "Beste.", "bbox": ["237,527", "272,527", "272,536", "237,536"]}, {"word": "GOLD", "bbox": ["30,527", "73,528", "73,537", "30,536"]}]