[{"word": "FOREIGNZ", "bbox": ["418,157", "457,122", "465,131", "426,166"]}, {"word": "Win", "bbox": ["164,146", "185,150", "182,165", "161,161"]}, {"word": "A", "bbox": ["189,147", "197,148", "193,167", "185,166"]}, {"word": "Trip", "bbox": ["199,149", "217,152", "213,171", "195,168"]}, {"word": "To", "bbox": ["220,157", "234,160", "231,174", "217,172"]}, {"word": "Bali", "bbox": ["236,159", "258,163", "255,179", "233,175"]}, {"word": "To", "bbox": ["260,165", "272,167", "270,178", "258,176"]}, {"word": "Experience", "bbox": ["277,166", "341,178", "338,194", "274,182"]}, {"word": "The", "bbox": ["164,161", "184,165", "181,176", "162,173"]}, {"word": "Grand", "bbox": ["188,164", "223,171", "221,184", "185,178"]}, {"word": "Final.", "bbox": ["226,173", "256,179", "254,189", "224,184"]}, {"word": "GUINNESS", "bbox": ["25,133", "75,143", "72,159", "22,149"]}, {"word": "BALL", "bbox": ["31,149", "50,153", "49,158", "30,155"]}, {"word": "TOUR", "bbox": ["53,154", "73,158", "72,164", "52,160"]}, {"word": "FOREIGNE", "bbox": ["429,213", "467,203", "469,212", "432,223"]}, {"word": "GUIN", "bbox": ["337,217", "408,211", "411,247", "340,253"]}, {"word": "6x", "bbox": ["22,202", "60,214", "53,238", "15,226"]}, {"word": "AMES", "bbox": ["412,231", "460,253", "454,267", "405,246"]}, {"word": "FORDGN", "bbox": ["365,252", "399,240", "402,250", "368,261"]}, {"word": "320ml", "bbox": ["24,234", "45,238", "43,244", "23,240"]}, {"word": "CANS", "bbox": ["47,238", "67,242", "65,250", "45,246"]}, {"word": "AMESTY", "bbox": ["354,272", "399,295", "392,310", "346,287"]}, {"word": "POOL", "bbox": ["224,291", "241,294", "240,299", "223,296"]}, {"word": "NSPRED", "bbox": ["244,296", "270,301", "269,306", "243,301"]}, {"word": "BY", "bbox": ["272,302", "279,303", "278,308", "271,307"]}, {"word": "GREATNESS", "bbox": ["281,300", "327,309", "325,319", "279,310"]}, {"word": "V.", "bbox": ["329,308", "342,311", "339,325", "326,323"]}, {"word": "EOREIGN", "bbox": ["351,193", "383,159", "390,166", "358,200"]}]