[{"word": "Tork,", "bbox": ["160,148", "172,148", "172,150", "160,150"]}, {"word": "ME", "bbox": ["174,148", "181,148", "181,150", "174,150"]}, {"word": "peak", "bbox": ["102,202", "224,203", "224,248", "102,247"]}, {"word": "organic", "bbox": ["158,233", "277,228", "278,264", "159,269"]}, {"word": "pale", "bbox": ["286,208", "308,207", "309,219", "287,220"]}, {"word": "ale", "bbox": ["310,206", "325,205", "326,218", "311,219"]}, {"word": "Peak", "bbox": ["341,219", "378,218", "378,235", "341,236"]}, {"word": "Organic", "bbox": ["346,231", "395,228", "396,245", "347,248"]}, {"word": "brewing", "bbox": ["204,256", "242,256", "242,264", "204,264"]}, {"word": "company", "bbox": ["245,256", "285,256", "285,266", "245,266"]}, {"word": "delici", "bbox": ["109,264", "135,265", "135,270", "109,269"]}, {"word": "organie", "bbox": ["138,263", "161,264", "161,272", "138,271"]}, {"word": "beer", "bbox": ["163,265", "175,265", "175,270", "163,270"]}, {"word": "13EO2,", "bbox": ["117,270", "151,271", "151,277", "117,276"]}, {"word": "he", "bbox": ["153,271", "166,271", "166,276", "153,276"]}]