[{"word": "1815", "bbox": ["202,129", "233,128", "233,137", "202,138"]}, {"word": "15", "bbox": ["416,137", "430,136", "431,151", "417,152"]}, {"word": "TEACHER'S", "bbox": ["94,167", "182,166", "182,199", "94,200"]}, {"word": "IGHLAND", "bbox": ["101,194", "144,195", "144,214", "101,213"]}, {"word": "CREAM", "bbox": ["146,195", "175,196", "175,214", "146,213"]}, {"word": "APHROAIG", "bbox": ["180,195", "264,197", "264,216", "180,214"]}, {"word": "Ballantinas", "bbox": ["22,174", "79,173", "79,192", "22,193"]}, {"word": "LE", "bbox": ["189,217", "210,216", "210,222", "189,223"]}, {"word": "ILAY", "bbox": ["214,216", "232,216", "232,220", "214,220"]}, {"word": "MALE", "bbox": ["237,215", "251,215", "251,222", "237,222"]}, {"word": "COTCH", "bbox": ["193,223", "217,222", "217,228", "193,229"]}, {"word": "WHIRKY", "bbox": ["221,223", "246,222", "246,228", "221,229"]}, {"word": "Canadian", "bbox": ["410,206", "463,207", "463,224", "410,223"]}, {"word": "Club", "bbox": ["420,218", "452,219", "451,233", "420,232"]}, {"word": "10", "bbox": ["206,231", "233,231", "233,245", "206,245"]}, {"word": "Maker's", "bbox": ["280,226", "355,224", "355,236", "280,238"]}, {"word": "VERY", "bbox": ["26,236", "40,236", "40,240", "26,240"]}, {"word": "OLD", "bbox": ["44,236", "57,236", "57,241", "44,241"]}, {"word": "coCH", "bbox": ["17,242", "36,242", "36,247", "17,247"]}, {"word": "WHSKY", "bbox": ["42,242", "72,242", "72,247", "42,247"]}, {"word": "I", "bbox": ["18,250", "21,250", "21,255", "18,255"]}, {"word": "YEARS", "bbox": ["25,251", "50,251", "50,255", "25,255"]}, {"word": "OLO", "bbox": ["56,250", "71,250", "71,256", "56,256"]}, {"word": "Pertection", "bbox": ["108,238", "143,238", "143,244", "108,244"]}, {"word": "et", "bbox": ["146,238", "151,238", "151,242", "146,242"]}, {"word": "Old", "bbox": ["155,238", "167,238", "167,242", "155,242"]}, {"word": "SCOTCH", "bbox": ["98,245", "134,245", "134,256", "98,256"]}, {"word": "WHISKY", "bbox": ["139,245", "175,245", "175,255", "139,255"]}, {"word": "E", "bbox": ["280,243", "292,242", "293,257", "281,258"]}, {"word": "Mark", "bbox": ["303,242", "355,240", "356,254", "304,256"]}, {"word": "rnan", "bbox": ["192,253", "232,253", "232,258", "192,258"]}, {"word": "tin", "bbox": ["220,259", "238,258", "238,263", "220,264"]}, {"word": "BOURBON", "bbox": ["287,265", "321,264", "321,269", "287,270"]}, {"word": "WHISKY", "bbox": ["325,264", "352,263", "352,268", "325,269"]}, {"word": "40%ol", "bbox": ["147,289", "174,289", "174,296", "147,296"]}, {"word": "wwww.go", "bbox": ["16,396", "69,396", "69,406", "16,406"]}]