[{"word": "CHPHOBE", "bbox": ["13,39", "61,37", "61,50", "14,52"]}, {"word": "OKHOTMICHT", "bbox": ["83,51", "122,50", "122,58", "83,59"]}, {"word": "A18K", "bbox": ["142,55", "159,55", "159,62", "142,62"]}, {"word": "ISKA", "bbox": ["165,57", "178,57", "178,63", "165,63"]}, {"word": "USSIAN", "bbox": ["82,121", "106,121", "106,128", "82,128"]}, {"word": "VO", "bbox": ["108,121", "117,121", "117,130", "108,130"]}, {"word": "8SIAM", "bbox": ["146,120", "165,120", "165,129", "146,129"]}, {"word": "VOINA", "bbox": ["167,119", "183,119", "183,129", "167,129"]}]