[{"word": "THIRD", "bbox": ["142,8", "165,8", "165,15", "142,15"]}, {"word": "OFF", "bbox": ["170,9", "180,9", "180,14", "170,14"]}, {"word": "ABSO", "bbox": ["171,105", "193,105", "193,111", "171,111"]}, {"word": "ASP", "bbox": ["168,114", "192,114", "192,119", "168,119"]}, {"word": "KULOV", "bbox": ["275,101", "300,101", "300,111", "275,111"]}, {"word": "KULOV", "bbox": ["314,101", "337,101", "337,111", "314,111"]}, {"word": "KULD", "bbox": ["341,100", "369,100", "369,111", "341,111"]}, {"word": "KULOV", "bbox": ["372,101", "398,101", "398,110", "372,110"]}, {"word": "SAVE", "bbox": ["43,174", "61,173", "61,181", "43,182"]}, {"word": "EL30", "bbox": ["64,174", "84,173", "84,181", "64,182"]}, {"word": "WIN", "bbox": ["111,202", "122,201", "122,206", "111,207"]}, {"word": "THE", "bbox": ["125,201", "134,200", "134,206", "125,207"]}, {"word": "JOURNEY", "bbox": ["108,209", "135,208", "135,212", "108,214"]}, {"word": "SENDET", "bbox": ["58,222", "91,219", "92,227", "59,230"]}, {"word": "SHIRNDTE", "bbox": ["109,224", "137,223", "137,230", "109,231"]}, {"word": "SMIRK", "bbox": ["272,231", "290,231", "290,235", "272,235"]}, {"word": "thegreatgonzo/", "bbox": ["293,323", "375,322", "375,332", "293,333"]}, {"word": "Flickr", "bbox": ["383,323", "417,323", "417,330", "383,330"]}]