[{"word": "1999", "bbox": ["232,362", "286,362", "286,381", "232,381"]}, {"word": "Gds", "bbox": ["107,677", "127,678", "127,691", "107,690"]}, {"word": "Vins", "bbox": ["130,681", "143,681", "143,689", "130,689"]}, {"word": "de", "bbox": ["338,701", "350,701", "350,716", "338,716"]}, {"word": "Pire", "bbox": ["352,701", "368,701", "368,716", "352,716"]}, {"word": "a", "bbox": ["370,701", "374,701", "374,716", "370,716"]}, {"word": "CORTON-CHARLEMAGNE", "bbox": ["100,778", "389,788", "388,824", "99,814"]}, {"word": "GRAND", "bbox": ["185,822", "254,824", "253,839", "185,837"]}, {"word": "CRU", "bbox": ["261,823", "299,824", "298,840", "260,839"]}, {"word": "APPELLATION", "bbox": ["136,843", "187,844", "187,853", "136,852"]}, {"word": "CORTON-CHARLEMAGNE", "bbox": ["191,847", "298,849", "298,857", "191,855"]}, {"word": "CONTR\u00d4L\u00c9E", "bbox": ["301,846", "347,847", "347,859", "301,858"]}, {"word": "WHITE", "bbox": ["180,868", "211,869", "211,878", "180,877"]}, {"word": "BURGUNDY", "bbox": ["215,870", "272,872", "272,880", "215,878"]}, {"word": "WINE", "bbox": ["277,871", "302,872", "302,881", "277,880"]}, {"word": "LOUIS", "bbox": ["185,897", "231,900", "230,914", "184,911"]}, {"word": "LEQUIN", "bbox": ["238,899", "296,903", "295,918", "237,914"]}, {"word": "mER", "bbox": ["0,0", "297,54", "137,931", "-160,876"]}, {"word": "A", "bbox": ["144,918", "145,918", "144,930", "143,930"]}, {"word": "SANTENAY", "bbox": ["151,919", "186,922", "185,934", "150,931"]}, {"word": "-", "bbox": ["194,923", "195,923", "194,935", "193,935"]}, {"word": "C\u00d4TE-D'OR", "bbox": ["199,923", "248,925", "247,938", "198,936"]}, {"word": "-", "bbox": ["254,926", "255,926", "255,938", "254,938"]}, {"word": "FRANCE", "bbox": ["262,926", "296,926", "296,938", "262,938"]}, {"word": "-", "bbox": ["303,926", "305,926", "305,938", "303,938"]}, {"word": "PRODUTIT", "bbox": ["310,925", "340,923", "341,936", "311,938"]}, {"word": "DE", "bbox": ["346,923", "351,923", "352,935", "347,935"]}, {"word": "FRANE", "bbox": ["357,922", "375,920", "376,933", "358,935"]}, {"word": "MIS", "bbox": ["160,946", "175,947", "175,955", "160,954"]}, {"word": "EN", "bbox": ["179,948", "190,948", "190,955", "179,955"]}, {"word": "BOUTEILLE", "bbox": ["195,949", "251,951", "251,959", "195,957"]}, {"word": "AU", "bbox": ["255,952", "268,952", "268,959", "255,959"]}, {"word": "DOMAINE", "bbox": ["272,949", "318,951", "318,962", "272,960"]}, {"word": "ALCOHO", "bbox": ["325,959", "357,956", "359,973", "327,976"]}, {"word": "TRE", "bbox": ["359,955", "374,953", "376,970", "361,972"]}]