[{"word": "BUG", "bbox": ["272,92", "318,100", "315,121", "268,113"]}, {"word": "GRANUL", "bbox": ["261,121", "313,121", "313,132", "261,132"]}, {"word": "LE", "bbox": ["307,137", "317,138", "315,149", "306,148"]}, {"word": "ISTANDS", "bbox": ["319,138", "353,143", "351,154", "317,150"]}, {"word": "SA", "bbox": ["304,183", "317,186", "314,196", "302,193"]}, {"word": "SALT", "bbox": ["319,187", "334,190", "331,200", "317,197"]}, {"word": "let", "bbox": ["316,220", "334,224", "332,230", "315,227"]}]