[{"word": "2003", "bbox": ["46,11", "78,12", "78,23", "46,22"]}, {"word": "DONATION", "bbox": ["33,75", "68,75", "68,79", "33,79"]}, {"word": "OSIRIS", "bbox": ["72,75", "93,75", "93,80", "72,80"]}, {"word": "CH\u1ea4TEAU", "bbox": ["11,115", "52,115", "52,130", "11,130"]}, {"word": "BLANCHE", "bbox": ["50,134", "112,79", "135,104", "73,159"]}, {"word": "CRU", "bbox": ["92,153", "116,151", "117,161", "93,163"]}, {"word": "SAUTERNES", "bbox": ["34,206", "96,205", "96,218", "34,219"]}, {"word": "Appellatos", "bbox": ["23,217", "51,216", "51,223", "23,224"]}, {"word": "Sauteme", "bbox": ["55,217", "80,216", "80,223", "55,224"]}, {"word": "Cool", "bbox": ["82,216", "105,215", "105,220", "82,221"]}, {"word": "M", "bbox": ["26,229", "36,229", "36,233", "26,233"]}, {"word": "EN", "bbox": ["38,229", "44,229", "44,234", "38,234"]}, {"word": "BOUTELIE", "bbox": ["47,229", "71,228", "71,234", "47,235"]}, {"word": "AU", "bbox": ["73,230", "80,230", "80,233", "73,233"]}, {"word": "CHATIA", "bbox": ["82,227", "102,226", "102,231", "82,232"]}, {"word": "OwA", "bbox": ["5,232", "32,236", "31,244", "4,240"]}, {"word": "TOUR", "bbox": ["36,236", "46,237", "45,245", "35,244"]}, {"word": "BLANCE", "bbox": ["49,238", "72,238", "72,245", "49,245"]}, {"word": "BOES", "bbox": ["78,236", "97,234", "98,242", "79,244"]}, {"word": "www", "bbox": ["85,249", "75,249", "75,244", "85,244"]}]