[{"word": "On.co", "bbox": ["28,-1", "115,1", "114,37", "27,35"]}, {"word": "Cateau", "bbox": ["136,256", "187,269", "182,291", "131,278"]}, {"word": "d", "bbox": ["190,270", "206,274", "200,295", "185,291"]}, {"word": "Sauterne", "bbox": ["157,288", "208,301", "204,318", "153,304"]}, {"word": "2001", "bbox": ["170,317", "188,320", "186,328", "169,325"]}, {"word": "SAUTERNE", "bbox": ["128,372", "191,385", "189,395", "126,383"]}, {"word": "MRAUTEIELE", "bbox": ["115,382", "170,394", "168,401", "113,389"]}, {"word": "AW.", "bbox": ["176,396", "187,398", "185,404", "175,402"]}, {"word": "CAItin", "bbox": ["189,399", "207,403", "205,409", "188,405"]}]