[{"word": "BEST", "bbox": ["459,9", "483,9", "483,16", "459,16"]}, {"word": "TASTE", "bbox": ["485,9", "498,9", "498,16", "485,16"]}, {"word": "PEPSI", "bbox": ["23,16", "87,17", "87,33", "23,32"]}, {"word": "PEPSI", "bbox": ["237,17", "304,17", "304,36", "237,36"]}, {"word": "IntRcote", "bbox": ["479,25", "457,25", "457,22", "479,22"]}, {"word": "Nutrition", "bbox": ["445,29", "483,29", "483,34", "445,34"]}, {"word": "Fac", "bbox": ["487,30", "499,30", "499,34", "487,34"]}, {"word": "Serving", "bbox": ["448,34", "462,34", "462,39", "448,39"]}, {"word": "pe", "bbox": ["476,34", "499,34", "499,39", "476,39"]}, {"word": "Dervins", "bbox": ["448,39", "464,39", "464,44", "448,44"]}, {"word": "Coane", "bbox": ["474,39", "490,39", "490,44", "474,44"]}, {"word": "Calerias", "bbox": ["450,52", "467,52", "467,56", "450,56"]}, {"word": "Sly", "bbox": ["483,60", "496,60", "496,64", "483,64"]}, {"word": "Tetal", "bbox": ["449,65", "461,65", "461,70", "449,70"]}, {"word": "F", "bbox": ["464,65", "466,65", "466,70", "464,70"]}, {"word": "Telal", "bbox": ["448,80", "459,80", "459,83", "448,83"]}, {"word": "Carbuytrate", "bbox": ["461,80", "493,80", "493,83", "461,83"]}, {"word": "o", "bbox": ["495,81", "495,81", "495,81", "495,81"]}, {"word": "Protein", "bbox": ["448,92", "466,92", "466,97", "448,97"]}, {"word": "Splendat", "bbox": ["407,157", "435,158", "435,166", "407,165"]}, {"word": "ONE", "bbox": ["215,191", "226,191", "226,198", "215,198"]}, {"word": "CALORIE", "bbox": ["209,202", "232,202", "232,210", "209,210"]}, {"word": "COLA", "bbox": ["213,213", "227,213", "227,221", "213,221"]}, {"word": "1", "bbox": ["102,200", "110,200", "110,210", "102,210"]}, {"word": "CALORIE", "bbox": ["112,200", "162,200", "162,211", "112,211"]}, {"word": "1", "bbox": ["316,200", "325,200", "325,211", "316,211"]}, {"word": "CALORIE", "bbox": ["327,200", "375,200", "375,211", "327,211"]}, {"word": "2", "bbox": ["392,212", "396,212", "396,220", "392,220"]}, {"word": "LITER", "bbox": ["398,213", "412,213", "412,223", "398,223"]}, {"word": "(21", "bbox": ["416,212", "426,212", "426,221", "416,221"]}, {"word": "QT)", "bbox": ["430,213", "439,213", "439,222", "430,222"]}]