[{"word": "Minut", "bbox": ["402,154", "438,151", "439,162", "403,165"]}, {"word": "aid", "bbox": ["402,166", "432,162", "434,175", "404,180"]}, {"word": "Min", "bbox": ["296,204", "320,199", "322,206", "298,212"]}, {"word": "Mail", "bbox": ["303,214", "325,206", "330,221", "309,229"]}, {"word": "Minute", "bbox": ["136,261", "190,255", "192,271", "138,277"]}, {"word": "Maid", "bbox": ["145,276", "180,271", "182,286", "147,291"]}, {"word": "Frudt", "bbox": ["94,299", "159,287", "166,326", "101,338"]}, {"word": "Co", "bbox": ["162,287", "185,283", "192,321", "169,325"]}]