[{"word": "SNOQUALMIE", "bbox": ["60,102", "158,103", "158,128", "60,127"]}, {"word": "Wildcat", "bbox": ["84,168", "139,169", "139,179", "84,178"]}, {"word": "India", "bbox": ["87,181", "104,181", "104,187", "87,187"]}, {"word": "Pale", "bbox": ["108,181", "123,181", "123,188", "108,188"]}, {"word": "Ale", "bbox": ["126,182", "137,182", "137,188", "126,188"]}, {"word": "Bred", "bbox": ["88,195", "104,195", "104,199", "88,199"]}, {"word": "and", "bbox": ["107,195", "114,195", "114,199", "107,199"]}, {"word": "boted", "bbox": ["117,195", "131,195", "131,199", "117,199"]}, {"word": "by", "bbox": ["133,195", "137,195", "137,200", "133,200"]}, {"word": "NNOQUALNITE", "bbox": ["76,200", "126,201", "126,207", "76,206"]}, {"word": "FALIS", "bbox": ["129,200", "149,200", "149,205", "129,205"]}, {"word": "ERWING", "bbox": ["80,207", "111,207", "111,211", "80,211"]}, {"word": "COMPANY", "bbox": ["114,207", "145,207", "145,212", "114,212"]}, {"word": "Ale.", "bbox": ["91,225", "99,225", "99,228", "91,228"]}, {"word": "by", "bbox": ["101,225", "105,225", "105,229", "101,229"]}, {"word": "volmeES", "bbox": ["108,225", "135,225", "135,228", "108,228"]}]