[{"word": "wel.", "bbox": ["117,245", "167,243", "168,273", "118,275"]}, {"word": "eELES", "bbox": ["149,281", "183,281", "183,288", "149,288"]}, {"word": "PRODUCTOFINE", "bbox": ["254,281", "288,281", "288,286", "254,286"]}, {"word": "CDE", "bbox": ["103,297", "135,296", "136,317", "104,318"]}, {"word": "C", "bbox": ["129,299", "151,298", "151,314", "129,315"]}, {"word": "298", "bbox": ["118,319", "146,317", "146,324", "118,326"]}, {"word": "Chatean", "bbox": ["147,334", "208,336", "207,370", "146,368"]}, {"word": "Sadi", "bbox": ["221,336", "271,338", "270,373", "220,371"]}, {"word": "IER", "bbox": ["179,370", "189,370", "189,377", "179,377"]}, {"word": "CRU", "bbox": ["192,371", "206,371", "206,378", "192,378"]}, {"word": "CLASS\u00c9", "bbox": ["209,370", "238,370", "238,377", "209,377"]}, {"word": "UN", "bbox": ["242,371", "250,371", "250,376", "242,376"]}, {"word": "1S", "bbox": ["255,370", "262,370", "262,374", "255,374"]}, {"word": "SAUTERNES", "bbox": ["192,381", "252,381", "252,390", "192,390"]}, {"word": "ILLATION", "bbox": ["164,394", "202,393", "202,400", "164,401"]}, {"word": "SAuTERNES", "bbox": ["206,392", "246,391", "246,399", "206,400"]}, {"word": "CO", "bbox": ["249,391", "258,391", "258,398", "249,398"]}, {"word": "2003", "bbox": ["210,405", "235,404", "235,414", "210,415"]}, {"word": "Sanine", "bbox": ["159,412", "189,417", "187,424", "158,419"]}, {"word": "sRAUT,", "bbox": ["192,417", "220,418", "220,426", "192,425"]}, {"word": "RO", "bbox": ["222,419", "231,419", "231,426", "222,426"]}, {"word": "ti", "bbox": ["249,417", "264,416", "265,423", "250,424"]}]