[{"word": "ben", "bbox": ["14,3", "24,3", "24,7", "14,7"]}, {"word": "bagheri", "bbox": ["26,3", "48,3", "48,8", "26,8"]}, {"word": "Iranian.com", "bbox": ["54,2", "100,2", "100,7", "54,7"]}, {"word": "Gonulno", "bbox": ["19,117", "52,117", "52,123", "19,123"]}, {"word": "Coca", "bbox": ["56,117", "75,117", "75,123", "56,123"]}, {"word": "Cola", "bbox": ["79,117", "97,117", "97,123", "79,123"]}, {"word": "brand", "bbox": ["100,116", "122,116", "122,125", "100,125"]}, {"word": "soft", "bbox": ["125,116", "142,116", "142,126", "125,126"]}, {"word": "drinks,", "bbox": ["144,116", "171,116", "171,126", "144,126"]}, {"word": "bottled", "bbox": ["20,127", "47,127", "47,133", "20,133"]}, {"word": "in", "bbox": ["50,127", "56,127", "56,132", "50,132"]}, {"word": "a", "bbox": ["60,129", "63,129", "63,132", "60,132"]}, {"word": "plant", "bbox": ["67,127", "86,127", "86,134", "67,134"]}, {"word": "located", "bbox": ["90,127", "118,127", "118,133", "90,133"]}, {"word": "in", "bbox": ["121,126", "132,126", "132,136", "121,136"]}, {"word": "the", "bbox": ["132,127", "144,127", "144,133", "132,133"]}, {"word": "northeastern", "bbox": ["20,137", "70,137", "70,143", "20,143"]}, {"word": "holy", "bbox": ["74,137", "90,137", "90,144", "74,144"]}, {"word": "city", "bbox": ["93,137", "107,137", "107,144", "93,144"]}, {"word": "of", "bbox": ["110,137", "118,137", "118,143", "110,143"]}, {"word": "Mashad.", "bbox": ["121,135", "156,135", "156,145", "121,145"]}, {"word": "14", "bbox": ["270,237", "280,238", "279,244", "269,243"]}, {"word": "Coca-Co", "bbox": ["264,246", "323,249", "322,271", "263,268"]}]