[{"word": "OFAIR", "bbox": ["91,135", "143,135", "143,151", "91,151"]}, {"word": "OFAIR", "bbox": ["169,137", "207,137", "207,147", "169,147"]}, {"word": "\u2022FAIR", "bbox": ["234,137", "276,137", "276,147", "234,147"]}, {"word": "OFAIR", "bbox": ["304,139", "345,138", "345,148", "304,149"]}, {"word": "OFAIR", "bbox": ["375,140", "420,140", "420,150", "375,150"]}, {"word": "VODKA", "bbox": ["105,166", "138,166", "138,172", "105,172"]}, {"word": "VODKA", "bbox": ["175,163", "208,163", "208,170", "175,170"]}, {"word": "VODKA", "bbox": ["243,164", "274,164", "274,170", "243,170"]}, {"word": "VODKA", "bbox": ["313,164", "348,164", "348,174", "313,174"]}, {"word": "VODKA", "bbox": ["385,166", "417,167", "417,177", "385,176"]}]