[{"word": "L-ocally", "bbox": ["24,41", "86,20", "94,44", "32,65"]}, {"word": "SAXON", "bbox": ["89,38", "150,25", "154,46", "93,59"]}, {"word": "BREAD", "bbox": ["158,25", "215,23", "216,44", "159,46"]}, {"word": "&", "bbox": ["229,25", "238,26", "236,45", "227,44"]}, {"word": "CAKES", "bbox": ["246,25", "299,35", "295,56", "242,46"]}, {"word": "baked", "bbox": ["324,20", "371,43", "361,62", "315,39"]}, {"word": "by", "bbox": ["376,46", "390,53", "381,72", "367,65"]}, {"word": "NORTH", "bbox": ["51,62", "127,62", "127,78", "51,78"]}, {"word": "ELMHAM", "bbox": ["139,63", "235,63", "235,79", "139,79"]}, {"word": "BAKERY", "bbox": ["247,62", "349,62", "349,79", "247,79"]}, {"word": "ND", "bbox": ["60,182", "66,182", "66,187", "60,187"]}, {"word": "OPEN", "bbox": ["187,214", "213,212", "214,222", "188,224"]}, {"word": "Walls", "bbox": ["216,272", "238,272", "238,279", "216,279"]}]