[{"word": "SCHOO", "bbox": ["3,62", "40,32", "47,40", "10,71"]}, {"word": "B-W", "bbox": ["214,47", "292,46", "292,53", "214,54"]}, {"word": "AY", "bbox": ["325,45", "345,45", "345,55", "325,55"]}, {"word": "RBER", "bbox": ["200,58", "301,56", "301,75", "200,77"]}, {"word": "S", "bbox": ["339,55", "354,55", "354,74", "339,74"]}, {"word": "HOP", "bbox": ["356,44", "449,44", "449,78", "356,78"]}, {"word": "3210", "bbox": ["74,78", "99,78", "99,85", "74,85"]}, {"word": "SALON", "bbox": ["227,78", "261,78", "261,82", "227,82"]}, {"word": "UNISEX", "bbox": ["264,76", "305,76", "305,83", "264,83"]}, {"word": "a", "bbox": ["434,75", "439,75", "439,81", "434,81"]}, {"word": "222-0354.", "bbox": ["449,74", "498,73", "498,80", "449,81"]}]