[{"word": "BARBER", "bbox": ["362,65", "479,130", "467,152", "350,87"]}, {"word": "WSHOP", "bbox": ["361,104", "464,146", "454,169", "352,127"]}, {"word": "EURE", "bbox": ["4,79", "61,84", "57,127", "0,122"]}, {"word": "BARBER", "bbox": ["132,80", "289,46", "295,73", "138,107"]}, {"word": "09", "bbox": ["12,120", "50,127", "47,148", "8,141"]}, {"word": "mm", "bbox": ["102,119", "162,108", "168,141", "108,152"]}, {"word": "SHOPI", "bbox": ["164,108", "302,82", "308,114", "170,140"]}, {"word": "OPEN", "bbox": ["84,183", "147,178", "149,203", "86,208"]}, {"word": "DAYS", "bbox": ["207,172", "261,168", "263,193", "209,197"]}, {"word": "Gils", "bbox": ["281,314", "304,304", "313,324", "291,335"]}, {"word": "BARBER", "bbox": ["306,303", "336,289", "345,309", "315,323"]}, {"word": "SHOP", "bbox": ["306,316", "339,312", "342,332", "309,337"]}]