[{"word": "PETER", "bbox": ["143,41", "262,41", "262,63", "143,63"]}, {"word": "PAN", "bbox": ["289,38", "357,38", "357,67", "289,67"]}, {"word": "DONUT", "bbox": ["65,73", "176,73", "176,93", "65,93"]}, {"word": "&", "bbox": ["195,76", "211,76", "211,93", "195,93"]}, {"word": "PASTRY", "bbox": ["232,75", "337,75", "337,93", "232,93"]}, {"word": "OP", "bbox": ["409,73", "428,73", "428,97", "409,97"]}, {"word": "WATCH", "bbox": ["450,77", "469,62", "474,69", "455,83"]}, {"word": "CAFE", "bbox": ["32,152", "85,152", "85,164", "32,164"]}, {"word": "BEPAIR", "bbox": ["449,91", "470,74", "475,81", "454,97"]}, {"word": "727", "bbox": ["200,153", "236,154", "236,165", "200,164"]}, {"word": "PATISSERIE", "bbox": ["355,152", "484,151", "484,165", "355,166"]}, {"word": "INDULGE", "bbox": ["210,262", "258,262", "258,273", "210,273"]}]