[{"word": "PROFESSIONAL", "bbox": ["235,43", "409,40", "409,71", "236,74"]}, {"word": "BARBER", "bbox": ["230,80", "335,78", "336,116", "231,118"]}, {"word": "SHOP", "bbox": ["344,78", "411,77", "412,115", "345,116"]}, {"word": "PERIODICOS", "bbox": ["19,161", "64,147", "67,159", "22,172"]}, {"word": "DE", "bbox": ["20,175", "31,172", "33,182", "23,185"]}, {"word": "MEXICO", "bbox": ["34,171", "59,164", "62,173", "37,181"]}, {"word": "35.", "bbox": ["75,164", "97,163", "97,176", "75,177"]}, {"word": "YO", "bbox": ["14,256", "20,256", "20,261", "14,261"]}]