[{"word": "SHAKESREARE", "bbox": ["47,67", "132,60", "133,78", "48,85"]}, {"word": "AND", "bbox": ["134,60", "157,58", "158,76", "135,78"]}, {"word": "CO", "bbox": ["159,58", "179,56", "180,74", "160,76"]}, {"word": "ANTIOHARIAN", "bbox": ["239,50", "331,45", "332,63", "240,68"]}, {"word": "BOOKS", "bbox": ["346,44", "394,42", "395,60", "347,63"]}, {"word": "HERNEA", "bbox": ["445,77", "470,75", "470,81", "446,83"]}, {"word": "ORL", "bbox": ["473,74", "482,73", "483,80", "474,81"]}, {"word": "AORELAND", "bbox": ["448,155", "485,154", "485,164", "448,165"]}, {"word": "ETFES", "bbox": ["466,204", "484,204", "484,209", "466,209"]}]