[{"word": "RUSKIN'S", "bbox": ["36,19", "69,22", "68,27", "36,24"]}, {"word": "HUSKIN'S", "bbox": ["84,29", "115,31", "115,35", "84,33"]}, {"word": "WORKS", "bbox": ["39,30", "66,33", "66,37", "39,34"]}, {"word": "RUSKIN", "bbox": ["126,35", "150,36", "150,38", "126,37"]}, {"word": "RUSKINS", "bbox": ["171,37", "200,38", "200,43", "171,42"]}, {"word": "RUSKINS", "bbox": ["286,45", "311,47", "311,50", "286,48"]}, {"word": "WORKE", "bbox": ["217,43", "239,45", "238,52", "216,50"]}, {"word": "RUSKIN'G", "bbox": ["249,45", "275,48", "275,51", "249,48"]}, {"word": "WORKS", "bbox": ["86,39", "111,40", "111,43", "86,42"]}, {"word": "KUSKIN", "bbox": ["352,52", "372,54", "371,60", "351,58"]}, {"word": "WORKS", "bbox": ["128,43", "153,45", "153,48", "128,46"]}, {"word": "WORKS", "bbox": ["174,46", "197,48", "197,51", "174,49"]}, {"word": "WORKS", "bbox": ["289,52", "309,55", "308,59", "288,56"]}, {"word": "VREE", "bbox": ["463,64", "480,67", "479,71", "462,68"]}, {"word": "WORKS", "bbox": ["252,54", "273,55", "273,58", "252,57"]}, {"word": "www.", "bbox": ["407,65", "428,67", "427,73", "406,71"]}, {"word": "w", "bbox": ["437,69", "438,69", "437,74", "436,74"]}, {"word": "UTZ", "bbox": ["182,300", "217,295", "219,309", "184,314"]}, {"word": "BRUCE", "bbox": ["229,294", "280,286", "282,299", "231,307"]}, {"word": "CHATWIN", "bbox": ["287,286", "362,275", "364,288", "289,299"]}, {"word": "O", "bbox": ["367,276", "375,275", "376,282", "368,283"]}, {"word": "THE", "bbox": ["215,372", "229,369", "229,373", "216,376"]}, {"word": "FACELESS", "bbox": ["232,369", "263,363", "265,371", "233,377"]}, {"word": "CORPSE", "bbox": ["265,361", "290,356", "291,366", "267,371"]}, {"word": "MARK", "bbox": ["296,355", "317,351", "318,361", "298,365"]}, {"word": "HEBDEN", "bbox": ["320,351", "351,345", "353,355", "322,361"]}]