[{"word": "N", "bbox": ["383,50", "393,50", "393,73", "383,73"]}, {"word": "25", "bbox": ["395,50", "409,50", "409,74", "395,74"]}, {"word": "TALES", "bbox": ["123,85", "197,86", "197,110", "123,109"]}, {"word": "ON", "bbox": ["215,86", "245,86", "245,109", "215,109"]}, {"word": "MOON", "bbox": ["255,86", "321,87", "321,110", "255,109"]}, {"word": "LANE", "bbox": ["329,87", "393,87", "393,110", "329,110"]}, {"word": "RY", "bbox": ["1,60", "37,60", "37,87", "1,87"]}, {"word": "THE", "bbox": ["166,111", "191,111", "191,120", "166,120"]}, {"word": "CHILDREN's", "bbox": ["199,111", "272,111", "272,120", "199,120"]}, {"word": "BOOKSHOP", "bbox": ["279,111", "345,111", "345,121", "279,121"]}]