[{"word": "BORDERS.", "bbox": ["123,31", "385,31", "385,81", "123,81"]}, {"word": "BOOKS", "bbox": ["113,83", "167,83", "167,98", "113,98"]}, {"word": "\u2022", "bbox": ["180,80", "194,80", "194,98", "180,98"]}, {"word": "M", "bbox": ["196,80", "206,80", "206,98", "196,98"]}, {"word": "SIC", "bbox": ["215,80", "241,80", "241,98", "215,98"]}, {"word": "\u2022", "bbox": ["250,80", "263,80", "263,98", "250,98"]}, {"word": "MOV", "bbox": ["266,80", "295,80", "295,98", "266,98"]}, {"word": "S", "bbox": ["307,80", "317,80", "317,98", "307,98"]}, {"word": "CAFE", "bbox": ["335,84", "373,84", "373,96", "335,96"]}, {"word": "www.adonline.id.au", "bbox": ["396,324", "480,323", "480,330", "396,331"]}]