[{"word": "\"Ramiasy", "bbox": ["214,162", "240,163", "240,169", "214,168"]}, {"word": "Wos", "bbox": ["242,163", "260,164", "260,169", "242,168"]}, {"word": "a", "bbox": ["262,165", "270,165", "270,168", "262,168"]}, {"word": "pret", "bbox": ["273,165", "285,165", "285,170", "273,170"]}, {"word": "wy", "bbox": ["287,166", "296,166", "296,170", "287,170"]}, {"word": "to", "bbox": ["298,166", "302,166", "302,169", "298,169"]}, {"word": "hour", "bbox": ["212,169", "226,169", "226,175", "212,175"]}, {"word": "huming", "bbox": ["228,169", "247,169", "247,176", "228,176"]}, {"word": "pages", "bbox": ["249,170", "265,170", "265,176", "249,176"]}, {"word": "wh", "bbox": ["268,170", "277,170", "277,176", "268,176"]}, {"word": "omone", "bbox": ["279,170", "301,170", "301,177", "279,177"]}, {"word": "our", "bbox": ["303,171", "311,171", "311,177", "303,177"]}, {"word": "lve", "bbox": ["313,171", "320,171", "320,177", "313,177"]}, {"word": "someone", "bbox": ["211,176", "236,176", "236,182", "211,182"]}, {"word": "you", "bbox": ["240,176", "248,176", "248,182", "240,182"]}, {"word": "wand", "bbox": ["253,176", "264,176", "264,183", "253,183"]}, {"word": "to", "bbox": ["266,176", "271,176", "271,182", "266,182"]}, {"word": "evel", "bbox": ["273,176", "285,176", "285,183", "273,183"]}, {"word": "wt", "bbox": ["287,177", "297,177", "297,183", "287,183"]}, {"word": "edat", "bbox": ["299,177", "320,177", "320,183", "299,183"]}, {"word": "to", "bbox": ["207,182", "217,182", "217,188", "207,188"]}, {"word": "fantestie", "bbox": ["219,182", "241,182", "241,188", "219,188"]}, {"word": "afung", "bbox": ["244,182", "266,182", "266,188", "244,188"]}, {"word": "destions", "bbox": ["268,182", "298,182", "298,189", "268,189"]}, {"word": "tsen", "bbox": ["300,183", "321,183", "321,189", "300,189"]}, {"word": "more", "bbox": ["208,191", "222,191", "222,194", "208,194"]}, {"word": "man", "bbox": ["225,190", "236,190", "236,195", "225,195"]}, {"word": "human", "bbox": ["239,189", "255,189", "255,195", "239,195"]}, {"word": "URT", "bbox": ["423,246", "442,248", "441,255", "422,253"]}]