[{"word": "THE", "bbox": ["284,125", "304,127", "303,134", "283,132"]}, {"word": "NORT", "bbox": ["298,126", "336,129", "335,136", "297,133"]}, {"word": "NTIANTIC", "bbox": ["278,130", "337,134", "336,143", "277,139"]}, {"word": "PAST", "bbox": ["33,229", "53,229", "53,238", "33,238"]}, {"word": "ING", "bbox": ["348,223", "369,216", "371,221", "350,229"]}, {"word": "LEONAR", "bbox": ["314,235", "345,230", "347,243", "316,248"]}, {"word": "FILM", "bbox": ["351,229", "372,226", "374,237", "353,241"]}, {"word": "MALTIN", "bbox": ["312,241", "348,241", "348,257", "312,257"]}, {"word": "DAVEES", "bbox": ["12,260", "30,260", "30,266", "12,266"]}, {"word": "2007", "bbox": ["312,259", "335,258", "335,265", "312,266"]}, {"word": "MOVIE", "bbox": ["321,267", "348,265", "349,274", "322,276"]}, {"word": "GUI", "bbox": ["337,274", "351,274", "351,281", "337,281"]}, {"word": "Coms", "bbox": ["15,285", "26,285", "26,289", "15,289"]}, {"word": "ITHE", "bbox": ["307,315", "321,315", "321,319", "307,319"]}, {"word": "REEL", "bbox": ["305,327", "344,326", "344,350", "305,351"]}, {"word": "UTEW", "bbox": ["313,352", "362,351", "363,375", "314,376"]}]