[{"word": "Coffi", "bbox": ["186,34", "227,35", "227,49", "186,48"]}, {"word": "Conwy", "bbox": ["249,36", "305,37", "305,49", "249,48"]}, {"word": "Lucensed", "bbox": ["211,53", "237,53", "237,57", "211,57"]}, {"word": "ceffe", "bbox": ["239,52", "255,52", "255,59", "239,59"]}, {"word": "Kouse", "bbox": ["259,54", "276,54", "276,57", "259,57"]}, {"word": "Stalitie", "bbox": ["113,186", "133,186", "133,191", "113,191"]}, {"word": "or", "bbox": ["17,249", "28,251", "27,259", "16,257"]}, {"word": "leok", "bbox": ["30,251", "41,253", "40,261", "29,259"]}, {"word": "Fupipis", "bbox": ["12,266", "35,271", "34,278", "11,273"]}, {"word": "ies", "bbox": ["22,282", "42,285", "41,292", "21,289"]}, {"word": "Jrarres", "bbox": ["26,290", "48,293", "47,301", "25,298"]}, {"word": "WhiteGoldmages", "bbox": ["423,371", "496,373", "495,388", "423,386"]}]