[{"word": "3", "bbox": ["99,30", "123,29", "124,62", "100,63"]}, {"word": "Star", "bbox": ["132,30", "216,28", "217,60", "133,62"]}, {"word": "COFFEE", "bbox": ["218,27", "323,25", "324,58", "219,60"]}, {"word": "SHOP", "bbox": ["331,24", "397,23", "398,56", "332,58"]}, {"word": "DONUTS", "bbox": ["165,57", "217,57", "217,64", "165,64"]}, {"word": "BURGERS", "bbox": ["227,57", "287,57", "287,64", "227,64"]}, {"word": "SANDWICHES", "bbox": ["297,54", "378,54", "378,66", "297,66"]}, {"word": "\u914d", "bbox": ["361,265", "361,287", "350,287", "350,265"]}, {"word": "\u3002", "bbox": ["361,290", "361,293", "350,293", "350,290"]}, {"word": "7", "bbox": ["125,124", "125,135", "118,135", "118,124"]}, {"word": "\u53ef", "bbox": ["125,169", "125,171", "118,171", "118,169"]}, {"word": "\u660e", "bbox": ["124,173", "124,186", "117,186", "117,173"]}, {"word": "\u570b", "bbox": ["124,188", "124,200", "117,200", "117,188"]}, {"word": "\u97ff", "bbox": ["124,234", "124,242", "117,242", "117,234"]}]