[{"word": "DRY", "bbox": ["103,114", "158,107", "161,133", "106,140"]}, {"word": "CLEANERS", "bbox": ["175,104", "351,81", "355,113", "179,136"]}, {"word": "SINCE", "bbox": ["53,137", "88,135", "89,151", "54,153"]}, {"word": "1947", "bbox": ["47,155", "86,152", "87,173", "49,176"]}, {"word": "FRIEDRICH'S", "bbox": ["92,176", "300,160", "303,195", "95,211"]}, {"word": "PLANT", "bbox": ["70,247", "147,246", "147,268", "70,269"]}, {"word": "ON", "bbox": ["165,246", "200,245", "200,267", "165,268"]}, {"word": "PREMISES", "bbox": ["219,243", "380,240", "380,265", "219,268"]}]