[{"word": "DESPLAINES", "bbox": ["104,66", "379,81", "377,114", "102,99"]}, {"word": "4UR2", "bbox": ["126,171", "160,172", "160,178", "126,177"]}, {"word": "THANKS", "bbox": ["64,230", "154,231", "154,255", "64,254"]}, {"word": "ABC", "bbox": ["172,232", "226,233", "226,256", "172,255"]}, {"word": "CH", "bbox": ["248,233", "266,233", "266,256", "248,256"]}, {"word": "7", "bbox": ["272,233", "286,233", "286,256", "272,256"]}, {"word": "METRO", "bbox": ["131,258", "216,259", "216,280", "131,279"]}, {"word": "DINE", "bbox": ["340,319", "381,298", "387,310", "346,331"]}, {"word": "IN", "bbox": ["385,296", "415,281", "421,294", "391,309"]}, {"word": "BO", "bbox": ["412,153", "487,75", "513,100", "438,178"]}]