[{"word": "AVENUE", "bbox": ["192,147", "228,142", "230,160", "194,165"]}, {"word": "MONTAIGNE130", "bbox": ["233,143", "305,133", "307,149", "235,159"]}, {"word": "350", "bbox": ["309,133", "331,130", "333,146", "311,149"]}, {"word": "610", "bbox": ["335,129", "354,127", "356,143", "337,146"]}, {"word": "830", "bbox": ["358,126", "380,123", "382,141", "360,144"]}, {"word": "HAPPY", "bbox": ["191,162", "226,158", "228,178", "193,182"]}, {"word": "FEET", "bbox": ["228,159", "249,157", "251,177", "230,179"]}, {"word": "SAT", "bbox": ["251,157", "272,155", "274,174", "253,176"]}, {"word": "SUN", "bbox": ["284,154", "303,152", "305,168", "286,170"]}, {"word": "I|", "bbox": ["310,151", "316,150", "318,166", "312,167"]}, {"word": "00", "bbox": ["321,151", "337,149", "339,165", "323,167"]}, {"word": "AM", "bbox": ["346,148", "365,146", "367,162", "348,164"]}, {"word": "ANAZINE", "bbox": ["85,188", "107,186", "108,197", "86,199"]}, {"word": "GITCE", "bbox": ["111,187", "127,186", "128,196", "112,197"]}, {"word": "AVALON", "bbox": ["398,181", "427,179", "427,188", "399,190"]}, {"word": "THEATRE", "bbox": ["398,191", "428,190", "428,197", "398,198"]}, {"word": "NO", "bbox": ["399,288", "409,289", "409,294", "399,293"]}, {"word": "PLNG", "bbox": ["412,288", "426,289", "426,296", "412,295"]}]