[{"word": "CHICKEN", "bbox": ["274,197", "303,196", "303,204", "274,205"]}, {"word": "BBO", "bbox": ["307,197", "319,197", "319,204", "307,204"]}, {"word": "S6", "bbox": ["327,197", "335,197", "335,204", "327,204"]}, {"word": "GREEN", "bbox": ["273,207", "295,207", "295,213", "273,213"]}, {"word": "MACINE", "bbox": ["298,206", "326,206", "326,213", "298,213"]}, {"word": "BAND", "bbox": ["330,206", "349,206", "349,212", "330,212"]}, {"word": "APR", "bbox": ["268,216", "281,216", "281,222", "268,222"]}, {"word": "2ICITYHALLII-6PM", "bbox": ["284,214", "358,213", "358,221", "284,222"]}]