[{"word": "IR", "bbox": ["232,124", "260,125", "259,156", "231,155"]}, {"word": "GOLD", "bbox": ["408,257", "427,257", "427,265", "408,265"]}, {"word": "STAR", "bbox": ["445,255", "465,254", "465,264", "445,265"]}, {"word": "Fiuam", "bbox": ["472,255", "499,254", "499,264", "472,265"]}, {"word": "TONIGHT", "bbox": ["263,261", "301,261", "301,270", "263,270"]}, {"word": "MR", "bbox": ["228,271", "245,271", "245,281", "228,281"]}, {"word": "BEANS", "bbox": ["254,271", "283,271", "283,281", "254,281"]}, {"word": "HOLIDAY", "bbox": ["302,271", "339,271", "339,281", "302,281"]}, {"word": "RAT", "bbox": ["270,281", "294,281", "294,289", "270,289"]}, {"word": "ED", "bbox": ["296,281", "304,281", "304,291", "296,291"]}, {"word": "G", "bbox": ["318,281", "320,281", "320,289", "318,289"]}]