[{"word": "GoGay", "bbox": ["88,78", "361,82", "360,149", "87,145"]}, {"word": "AND", "bbox": ["98,191", "140,191", "140,213", "98,213"]}, {"word": "4", "bbox": ["150,191", "167,191", "167,213", "150,213"]}, {"word": "HOUR", "bbox": ["173,191", "220,191", "220,213", "173,213"]}, {"word": "DRY", "bbox": ["246,191", "278,191", "278,213", "246,213"]}, {"word": "CLEANING", "bbox": ["288,191", "377,191", "377,213", "288,213"]}, {"word": "PROFESSIONAL", "bbox": ["79,229", "143,230", "143,238", "79,237"]}, {"word": "DRY", "bbox": ["146,231", "162,231", "162,237", "146,237"]}, {"word": "CLEANERS", "bbox": ["166,230", "215,231", "215,239", "166,238"]}, {"word": "Repairs", "bbox": ["76,245", "99,245", "99,252", "76,252"]}, {"word": "And", "bbox": ["102,245", "113,245", "113,253", "102,253"]}, {"word": "Alterations", "bbox": ["116,246", "146,246", "146,253", "116,253"]}, {"word": "Cortains", "bbox": ["78,254", "103,255", "103,262", "78,261"]}, {"word": "Co", "bbox": ["109,255", "115,255", "115,261", "109,261"]}, {"word": "Duvet", "bbox": ["136,256", "150,256", "150,262", "136,262"]}, {"word": "EAG", "bbox": ["153,256", "167,256", "167,262", "153,262"]}, {"word": "Had", "bbox": ["78,263", "92,263", "92,268", "78,268"]}, {"word": "Finishing", "bbox": ["95,262", "121,263", "121,270", "95,269"]}, {"word": "And", "bbox": ["123,263", "135,263", "135,271", "123,271"]}, {"word": "Presing", "bbox": ["138,263", "163,264", "163,272", "138,271"]}, {"word": "Suede", "bbox": ["77,272", "92,272", "92,276", "77,276"]}, {"word": "And", "bbox": ["95,273", "106,273", "106,277", "95,277"]}, {"word": "Leather", "bbox": ["109,273", "129,273", "129,278", "109,278"]}, {"word": "Service", "bbox": ["133,272", "152,272", "152,280", "133,280"]}, {"word": "Chict", "bbox": ["73,281", "91,282", "91,288", "73,287"]}, {"word": "Set", "bbox": ["93,281", "104,281", "104,287", "93,287"]}, {"word": "ke", "bbox": ["106,281", "118,281", "118,288", "106,288"]}]