[{"word": "Metropolitan", "bbox": ["214,212", "380,208", "381,239", "215,243"]}, {"word": "AFMIS", "bbox": ["98,318", "123,318", "123,324", "98,324"]}, {"word": "AY", "bbox": ["126,318", "134,318", "134,324", "126,324"]}, {"word": "STARI", "bbox": ["165,317", "175,317", "175,321", "165,321"]}, {"word": "OPE", "bbox": ["186,316", "194,316", "194,320", "186,320"]}, {"word": "9EEMAN", "bbox": ["227,315", "244,315", "244,320", "227,320"]}, {"word": "1", "bbox": ["252,315", "253,315", "253,320", "252,320"]}, {"word": "BALE", "bbox": ["291,314", "299,314", "299,318", "291,318"]}, {"word": "IN", "bbox": ["304,314", "309,314", "309,319", "304,319"]}, {"word": "T", "bbox": ["327,312", "329,312", "329,318", "327,318"]}, {"word": "R", "bbox": ["92,331", "96,331", "96,337", "92,337"]}, {"word": "bew", "bbox": ["103,331", "112,331", "112,336", "103,336"]}, {"word": "1", "bbox": ["115,331", "122,331", "122,335", "115,335"]}, {"word": "OCEANSO", "bbox": ["164,330", "184,329", "184,334", "164,335"]}, {"word": "EIAN", "bbox": ["234,328", "245,328", "245,333", "234,333"]}, {"word": "AMGT", "bbox": ["248,327", "261,327", "261,332", "248,332"]}, {"word": "TE", "bbox": ["358,324", "368,324", "368,331", "358,331"]}, {"word": "WA", "bbox": ["370,323", "382,323", "382,331", "370,331"]}]