[{"word": "ofe", "bbox": ["115,80", "186,79", "186,120", "115,121"]}, {"word": "cast", "bbox": ["189,80", "256,80", "256,120", "189,120"]}, {"word": "LEANERS", "bbox": ["259,79", "382,78", "382,119", "259,120"]}, {"word": "HR", "bbox": ["57,88", "70,88", "70,96", "57,96"]}, {"word": "Quality", "bbox": ["398,87", "429,87", "429,100", "398,100"]}, {"word": "SIRVICE", "bbox": ["56,101", "72,102", "72,108", "56,107"]}, {"word": "CLEANING", "bbox": ["398,103", "430,103", "430,109", "398,109"]}, {"word": "CLEANEDS", "bbox": ["171,173", "215,173", "215,180", "171,180"]}, {"word": "ALORING", "bbox": ["366,180", "398,182", "397,189", "366,187"]}]