[{"word": "Prest", "bbox": ["111,64", "195,61", "197,111", "113,114"]}, {"word": "Prestaio", "bbox": ["281,62", "407,80", "399,132", "274,113"]}, {"word": "BLADES", "bbox": ["99,112", "139,110", "140,126", "100,128"]}, {"word": "OF", "bbox": ["144,110", "158,109", "159,125", "145,126"]}, {"word": "GLO", "bbox": ["160,110", "182,109", "183,124", "161,125"]}, {"word": "SHOOTER", "bbox": ["95,126", "145,124", "146,137", "96,139"]}, {"word": "ZOD", "bbox": ["161,123", "183,122", "184,135", "162,136"]}, {"word": "REIGN", "bbox": ["106,135", "141,134", "142,150", "107,151"]}, {"word": "OVER", "bbox": ["146,134", "173,133", "174,149", "147,150"]}, {"word": "M", "bbox": ["181,133", "186,133", "187,148", "182,148"]}, {"word": "DOUBLE", "bbox": ["303,123", "342,128", "340,141", "301,137"]}, {"word": "FEATURE", "bbox": ["359,130", "391,134", "389,148", "357,144"]}, {"word": "ELAOES", "bbox": ["297,136", "336,140", "334,154", "296,150"]}, {"word": "OF", "bbox": ["340,141", "353,142", "352,155", "339,154"]}, {"word": "GLORY", "bbox": ["357,143", "384,146", "383,159", "356,156"]}, {"word": "The", "bbox": ["440,147", "456,148", "456,155", "440,154"]}, {"word": "Ocularium-", "bbox": ["459,147", "499,149", "499,158", "459,156"]}]