[{"word": "GEAN", "bbox": ["207,84", "229,72", "234,81", "212,93"]}, {"word": "ANIY", "bbox": ["231,72", "243,66", "248,74", "236,81"]}, {"word": "ORY", "bbox": ["254,61", "270,53", "274,61", "258,69"]}, {"word": "CLEANING", "bbox": ["272,51", "309,32", "314,40", "277,60"]}, {"word": "ME", "bbox": ["165,105", "177,99", "180,107", "168,112"]}, {"word": "O", "bbox": ["178,99", "181,98", "184,104", "181,105"]}, {"word": "SPOTTING", "bbox": ["202,151", "243,125", "251,138", "210,164"]}, {"word": "HER", "bbox": ["1,265", "32,265", "32,276", "1,276"]}, {"word": "CIAL!", "bbox": ["3,279", "33,278", "33,290", "3,291"]}, {"word": "122", "bbox": ["7,294", "20,294", "20,301", "7,301"]}, {"word": "$29", "bbox": ["0,307", "22,306", "23,317", "1,318"]}, {"word": "$34%", "bbox": ["1,322", "27,321", "28,337", "2,338"]}, {"word": "Copyright", "bbox": ["12,466", "55,466", "55,475", "12,475"]}, {"word": "2008,", "bbox": ["59,467", "82,467", "82,474", "59,474"]}, {"word": "Amy", "bbox": ["88,467", "105,467", "105,475", "88,475"]}, {"word": "Strycula", "bbox": ["110,467", "146,467", "146,475", "110,475"]}, {"word": "www.AmyStrycula.com", "bbox": ["13,478", "115,478", "115,488", "13,488"]}]