[{"word": "HOW", "bbox": ["292,164", "337,165", "337,182", "292,181"]}, {"word": "NM", "bbox": ["248,181", "279,183", "278,200", "247,198"]}, {"word": "25838", "bbox": ["296,183", "359,187", "358,204", "295,200"]}, {"word": "Never", "bbox": ["380,247", "395,245", "396,254", "381,256"]}, {"word": "doubt", "bbox": ["400,243", "421,240", "422,251", "402,254"]}, {"word": "that", "bbox": ["425,238", "443,235", "444,246", "427,249"]}, {"word": "a", "bbox": ["450,238", "456,237", "457,245", "451,246"]}, {"word": "small", "bbox": ["372,258", "392,256", "393,268", "373,270"]}, {"word": "group", "bbox": ["396,257", "424,254", "425,265", "397,268"]}, {"word": "of", "bbox": ["432,252", "445,251", "446,262", "433,263"]}, {"word": "thoughtll,", "bbox": ["366,269", "417,263", "419,280", "368,286"]}, {"word": "committed", "bbox": ["420,263", "469,258", "470,271", "422,277"]}, {"word": "CIT\u0130ZENS", "bbox": ["381,281", "437,278", "438,294", "382,297"]}, {"word": "can", "bbox": ["369,293", "386,292", "387,308", "370,309"]}, {"word": "change", "bbox": ["388,292", "414,291", "415,307", "389,308"]}, {"word": "the", "bbox": ["416,290", "431,289", "432,306", "417,307"]}, {"word": "World-", "bbox": ["436,289", "474,287", "475,304", "437,306"]}, {"word": "I", "bbox": ["362,301", "372,301", "371,320", "361,320"]}, {"word": "ndsad,", "bbox": ["374,301", "405,302", "404,322", "373,321"]}, {"word": "its", "bbox": ["406,303", "421,303", "420,322", "405,322"]}, {"word": "the", "bbox": ["423,303", "444,304", "443,320", "423,319"]}, {"word": "only", "bbox": ["450,304", "473,305", "472,325", "449,324"]}, {"word": "thing", "bbox": ["366,319", "392,319", "392,336", "366,336"]}, {"word": "that", "bbox": ["397,320", "417,320", "417,334", "397,334"]}, {"word": "ever", "bbox": ["422,324", "444,324", "444,334", "422,334"]}, {"word": "has.", "bbox": ["446,321", "474,322", "474,339", "446,338"]}]