[{"word": "GOR", "bbox": ["91,36", "137,63", "130,74", "84,47"]}, {"word": "P\u00c5co", "bbox": ["141,65", "180,88", "174,98", "135,75"]}, {"word": "283-1951", "bbox": ["198,95", "267,136", "258,151", "189,111"]}, {"word": "DRY", "bbox": ["76,48", "140,85", "127,107", "63,71"]}, {"word": "CLEANERS", "bbox": ["152,91", "275,162", "262,184", "139,114"]}, {"word": "Same", "bbox": ["123,105", "161,126", "152,141", "114,121"]}, {"word": "Day", "bbox": ["166,130", "196,146", "188,161", "158,145"]}, {"word": "Service.", "bbox": ["198,146", "249,174", "240,190", "189,162"]}, {"word": "Whirlpool", "bbox": ["81,104", "173,153", "166,166", "74,117"]}, {"word": "TRAVEL", "bbox": ["75,127", "135,157", "130,167", "70,138"]}, {"word": "NOTARY-FAX-KEYS", "bbox": ["141,158", "264,219", "259,229", "136,169"]}]