[{"word": "O", "bbox": ["139,108", "176,108", "176,127", "139,127"]}, {"word": "CLEANERS", "bbox": ["170,106", "314,106", "314,131", "170,131"]}, {"word": "Clea", "bbox": ["208,179", "228,179", "228,188", "208,188"]}, {"word": "MEN'S", "bbox": ["244,205", "267,205", "267,212", "244,212"]}, {"word": "RESS", "bbox": ["242,213", "268,213", "268,220", "242,220"]}, {"word": "HIRTS", "bbox": ["243,221", "267,221", "267,230", "243,230"]}, {"word": "99", "bbox": ["243,229", "264,229", "264,240", "243,240"]}]