[{"word": "THUNDER", "bbox": ["164,41", "210,37", "211,46", "165,50"]}, {"word": "ROAD", "bbox": ["221,36", "248,33", "249,41", "222,44"]}, {"word": "Sreaane", "bbox": ["147,66", "171,64", "172,73", "148,75"]}, {"word": "ROBERT", "bbox": ["183,64", "222,61", "223,69", "184,72"]}, {"word": "MITCHUM", "bbox": ["232,60", "279,56", "280,64", "233,68"]}, {"word": "VETERANS", "bbox": ["339,170", "424,160", "426,176", "341,186"]}, {"word": "OF", "bbox": ["433,157", "452,155", "454,177", "436,179"]}, {"word": "FOREIGN", "bbox": ["329,191", "404,183", "405,200", "331,208"]}, {"word": "WARS", "bbox": ["411,182", "448,178", "450,198", "413,202"]}, {"word": "ACEDU", "bbox": ["342,209", "366,207", "367,218", "343,220"]}, {"word": "ROGERS", "bbox": ["368,207", "395,205", "396,216", "369,218"]}, {"word": "POST", "bbox": ["396,206", "417,204", "418,213", "397,215"]}, {"word": "NO", "bbox": ["420,204", "429,203", "430,211", "421,212"]}, {"word": "9543", "bbox": ["432,203", "448,202", "449,210", "433,211"]}]