[{"word": "NOVIE", "bbox": ["169,394", "195,393", "195,403", "169,404"]}, {"word": "4", "bbox": ["197,394", "200,394", "200,403", "197,403"]}, {"word": "R", "bbox": ["185,409", "192,409", "192,418", "185,418"]}, {"word": "SMOKING", "bbox": ["194,408", "228,407", "228,417", "194,418"]}, {"word": "E", "bbox": ["175,424", "182,424", "182,433", "175,433"]}, {"word": "MELTDOWN", "bbox": ["185,423", "229,421", "229,431", "185,433"]}, {"word": "posa", "bbox": ["7,455", "24,455", "24,462", "7,462"]}, {"word": "uu", "bbox": ["26,455", "44,455", "44,462", "26,462"]}, {"word": "ALIMS", "bbox": ["319,455", "331,454", "331,458", "319,459"]}, {"word": "CAE", "bbox": ["334,455", "341,455", "341,458", "334,458"]}]