[{"word": "GLAD", "bbox": ["67,41", "131,43", "130,61", "66,59"]}, {"word": "CLEANERS", "bbox": ["50,78", "133,82", "132,97", "49,93"]}, {"word": "dEEBROOK", "bbox": ["150,127", "245,125", "245,144", "150,146"]}, {"word": "TERADIOVISION", "bbox": ["76,144", "257,138", "258,166", "77,172"]}, {"word": "SALES", "bbox": ["259,138", "322,136", "323,163", "260,165"]}, {"word": "RVICE", "bbox": ["376,133", "443,131", "444,159", "377,161"]}, {"word": "6", "bbox": ["426,132", "478,130", "479,157", "427,159"]}, {"word": "SONY", "bbox": ["257,180", "298,180", "298,189", "257,189"]}, {"word": "IN", "bbox": ["434,182", "445,182", "445,188", "434,188"]}, {"word": "HOME", "bbox": ["448,181", "465,180", "465,187", "448,188"]}, {"word": "SERVICE", "bbox": ["436,189", "465,189", "465,193", "436,193"]}, {"word": "773-763-3700", "bbox": ["431,195", "470,195", "470,200", "431,200"]}, {"word": "SONY", "bbox": ["131,185", "152,184", "153,193", "132,194"]}, {"word": "SEVICE", "bbox": ["325,181", "344,181", "344,186", "325,186"]}, {"word": "BONY", "bbox": ["318,187", "333,187", "333,190", "318,190"]}, {"word": "6416", "bbox": ["201,188", "226,188", "226,199", "201,199"]}, {"word": "TOSA", "bbox": ["318,194", "336,194", "336,199", "318,199"]}, {"word": "MAd", "bbox": ["340,194", "347,194", "347,199", "340,199"]}, {"word": "ELOCK", "bbox": ["17,205", "38,205", "38,212", "17,212"]}, {"word": "773-73", "bbox": ["325,243", "348,243", "348,250", "325,250"]}, {"word": "0", "bbox": ["350,243", "358,243", "358,249", "350,249"]}, {"word": ".0PEN", "bbox": ["219,258", "232,258", "232,262", "219,262"]}]