[{"word": "CASCADE", "bbox": ["291,264", "370,267", "369,284", "290,281"]}, {"word": "CAPITOL", "bbox": ["283,284", "304,285", "304,291", "283,290"]}, {"word": "STEPS", "bbox": ["311,286", "325,286", "325,290", "311,290"]}, {"word": "SEPT", "bbox": ["331,286", "341,286", "341,291", "331,291"]}, {"word": "I0", "bbox": ["345,287", "349,287", "349,291", "345,291"]}, {"word": "730", "bbox": ["352,287", "360,287", "360,291", "352,291"]}, {"word": "PM", "bbox": ["364,287", "369,287", "369,291", "364,291"]}, {"word": "THE", "bbox": ["276,291", "285,291", "285,296", "276,296"]}, {"word": "NEVILLE", "bbox": ["288,291", "309,291", "309,297", "288,297"]}, {"word": "BROTMERS", "bbox": ["312,292", "338,293", "338,298", "312,297"]}, {"word": "SEPT", "bbox": ["343,293", "353,293", "353,298", "343,298"]}, {"word": "3", "bbox": ["357,294", "359,294", "359,298", "357,298"]}, {"word": "S", "bbox": ["367,293", "370,293", "370,299", "367,299"]}, {"word": "PM", "bbox": ["372,293", "376,293", "376,299", "372,299"]}]