[{"word": "CAPILLOL", "bbox": ["129,45", "378,44", "378,92", "129,93"]}, {"word": "CHETRIE", "bbox": ["147,102", "378,102", "378,138", "147,138"]}, {"word": "YOUR", "bbox": ["83,250", "103,248", "104,258", "84,260"]}, {"word": "WDING", "bbox": ["110,247", "151,243", "152,254", "111,258"]}, {"word": "18", "bbox": ["158,243", "169,242", "170,252", "159,253"]}, {"word": "SPECIAL", "bbox": ["174,241", "208,238", "209,249", "175,252"]}, {"word": "XEDO", "bbox": ["80,259", "110,257", "111,265", "81,267"]}, {"word": "RM", "bbox": ["112,257", "133,255", "134,265", "113,267"]}, {"word": "ALS", "bbox": ["137,255", "152,254", "153,264", "138,265"]}, {"word": "MENS", "bbox": ["162,253", "185,251", "186,261", "163,263"]}, {"word": "SHO", "bbox": ["195,250", "216,248", "217,258", "196,260"]}, {"word": "YOUR", "bbox": ["347,237", "367,239", "366,249", "346,247"]}, {"word": "WEDDING", "bbox": ["375,239", "412,242", "411,252", "374,249"]}, {"word": "IS", "bbox": ["414,243", "426,244", "425,253", "413,252"]}, {"word": "SPECIAL", "bbox": ["430,244", "456,246", "455,256", "429,254"]}, {"word": "TUXEDO", "bbox": ["345,249", "375,251", "374,259", "344,257"]}, {"word": "FROM", "bbox": ["379,252", "399,254", "398,261", "378,259"]}, {"word": "ALS", "bbox": ["403,255", "415,256", "414,262", "403,261"]}, {"word": "MERS", "bbox": ["419,256", "438,258", "437,264", "419,262"]}, {"word": "SHOP", "bbox": ["441,256", "459,257", "458,266", "440,265"]}, {"word": "SUITE", "bbox": ["78,280", "101,278", "102,288", "79,290"]}, {"word": "CNORT", "bbox": ["108,277", "156,273", "157,284", "109,288"]}, {"word": "LONG", "bbox": ["164,274", "184,273", "185,281", "165,282"]}, {"word": "XL", "bbox": ["193,272", "202,271", "203,279", "194,280"]}, {"word": "QUAL", "bbox": ["81,290", "100,289", "101,299", "82,300"]}, {"word": "SOR", "bbox": ["151,285", "170,284", "171,294", "152,295"]}, {"word": "ITSELP", "bbox": ["173,283", "201,281", "202,292", "174,294"]}, {"word": "SUITS", "bbox": ["351,269", "370,270", "369,279", "350,278"]}, {"word": "REG", "bbox": ["378,271", "391,272", "390,281", "377,280"]}, {"word": "SHORT", "bbox": ["393,272", "415,273", "414,282", "392,281"]}, {"word": "LONS", "bbox": ["421,273", "436,274", "435,284", "420,283"]}, {"word": "I", "bbox": ["441,275", "446,275", "445,284", "440,284"]}, {"word": "QUALITY", "bbox": ["349,281", "380,283", "380,290", "349,288"]}, {"word": "PAYS", "bbox": ["384,283", "402,284", "402,291", "384,290"]}, {"word": "TOR", "bbox": ["408,284", "422,285", "422,293", "408,292"]}, {"word": "ITSELF", "bbox": ["427,283", "448,284", "447,294", "426,293"]}]