[{"word": "HR", "bbox": ["80,74", "105,78", "103,89", "78,85"]}, {"word": "SERVICE", "bbox": ["117,83", "180,94", "178,104", "115,93"]}, {"word": "NO", "bbox": ["73,91", "101,96", "99,106", "71,101"]}, {"word": "EXTRA", "bbox": ["103,96", "133,102", "132,111", "101,106"]}, {"word": "CHARGE", "bbox": ["142,106", "186,114", "185,120", "141,112"]}, {"word": "LAUNDRYY", "bbox": ["56,117", "182,137", "180,155", "53,135"]}, {"word": "TAILORING", "bbox": ["59,157", "190,175", "188,187", "57,169"]}, {"word": "SHIRTSO", "bbox": ["78,198", "205,212", "203,236", "75,222"]}, {"word": "DRY", "bbox": ["39,251", "89,255", "87,275", "37,271"]}, {"word": "CLEANING", "bbox": ["118,255", "232,263", "230,288", "116,280"]}]