[{"word": "HR", "bbox": ["141,36", "161,32", "162,41", "143,45"]}, {"word": "SERVICE", "bbox": ["170,32", "225,22", "227,30", "171,40"]}, {"word": "XIRA", "bbox": ["149,46", "180,41", "181,52", "151,57"]}, {"word": "CNARGE", "bbox": ["186,43", "225,37", "226,41", "187,48"]}, {"word": "LAUNDRY", "bbox": ["110,74", "212,58", "214,70", "112,86"]}, {"word": "TAILORING", "bbox": ["101,101", "207,88", "209,99", "102,112"]}, {"word": "SHIRTS", "bbox": ["91,130", "190,121", "191,139", "93,148"]}, {"word": "DRY", "bbox": ["44,175", "92,172", "93,185", "45,188"]}, {"word": "CLEANING", "bbox": ["106,170", "212,164", "213,180", "107,186"]}]