[{"word": "M&", "bbox": ["91,87", "130,78", "136,105", "97,113"]}, {"word": "J", "bbox": ["132,78", "144,75", "150,102", "138,104"]}, {"word": "CLEANERS&LAUNDRY", "bbox": ["146,74", "370,24", "377,51", "152,101"]}, {"word": "4773779-5514", "bbox": ["257,74", "362,55", "365,71", "260,90"]}, {"word": "68WNSTHST", "bbox": ["113,104", "159,95", "161,105", "115,115"]}, {"word": "CHGO.", "bbox": ["162,94", "185,89", "187,100", "164,105"]}, {"word": "ILL.", "bbox": ["185,92", "200,89", "201,97", "187,100"]}, {"word": "60643", "bbox": ["202,88", "234,81", "236,90", "204,97"]}, {"word": "146", "bbox": ["450,117", "498,115", "499,137", "451,139"]}, {"word": "REPRIRS", "bbox": ["216,158", "241,158", "241,167", "216,167"]}, {"word": "oIRTS", "bbox": ["229,180", "247,181", "247,187", "229,186"]}, {"word": "Sack-t0-School", "bbox": ["452,179", "495,179", "495,185", "452,185"]}, {"word": "S-ALE", "bbox": ["462,186", "485,186", "485,190", "462,190"]}, {"word": "$10.", "bbox": ["462,193", "474,193", "474,198", "462,198"]}, {"word": "o", "bbox": ["478,193", "482,193", "482,198", "478,198"]}, {"word": "OPEN", "bbox": ["270,199", "302,201", "301,219", "269,217"]}, {"word": "99", "bbox": ["227,202", "240,202", "240,209", "227,209"]}, {"word": "MON.", "bbox": ["271,227", "288,229", "287,235", "270,233"]}, {"word": "SAT.", "bbox": ["291,230", "301,231", "300,237", "290,236"]}, {"word": "NBY", "bbox": ["271,234", "284,236", "283,242", "270,240"]}, {"word": "IOAM", "bbox": ["286,236", "299,238", "298,244", "285,242"]}, {"word": "OUT", "bbox": ["267,240", "278,242", "277,249", "266,247"]}, {"word": "B", "bbox": ["280,242", "283,242", "282,248", "279,248"]}, {"word": "SADM", "bbox": ["285,243", "301,245", "300,251", "284,249"]}, {"word": "Ser", "bbox": ["275,255", "289,256", "288,263", "274,262"]}]