[{"word": "SANDRA", "bbox": ["558,329", "590,331", "589,344", "557,342"]}, {"word": "BULLOCK", "bbox": ["599,331", "629,333", "628,346", "598,344"]}, {"word": "28", "bbox": ["572,346", "583,347", "582,360", "571,359"]}, {"word": "DAYS", "bbox": ["594,346", "620,348", "619,361", "593,360"]}, {"word": "CI", "bbox": ["409,328", "417,328", "417,334", "409,334"]}, {"word": "IT", "bbox": ["414,334", "423,334", "423,340", "414,340"]}, {"word": "PG3", "bbox": ["497,328", "517,328", "517,337", "497,337"]}, {"word": "FRI-THURS", "bbox": ["667,334", "709,336", "708,352", "666,350"]}, {"word": "7:30", "bbox": ["724,338", "744,339", "744,354", "724,353"]}, {"word": "U-571", "bbox": ["409,344", "428,343", "428,355", "409,356"]}, {"word": "SAT-SUN", "bbox": ["664,351", "699,353", "698,367", "663,365"]}, {"word": "5:00", "bbox": ["706,352", "723,353", "722,369", "705,368"]}, {"word": "7:30", "bbox": ["725,353", "741,354", "740,369", "724,368"]}, {"word": "ZORTH", "bbox": ["550,87", "550,171", "532,171", "532,87"]}, {"word": "BEND", "bbox": ["550,199", "550,288", "532,288", "532,199"]}]