[{"word": "Rride", "bbox": ["63,44", "227,42", "228,125", "64,127"]}, {"word": "CLEANERS", "bbox": ["250,48", "423,49", "423,97", "250,96"]}, {"word": "ONE", "bbox": ["234,102", "272,102", "272,117", "234,117"]}, {"word": "HOUR", "bbox": ["277,102", "332,102", "332,117", "277,117"]}, {"word": "SERVICE", "bbox": ["340,101", "424,101", "424,116", "340,116"]}, {"word": "Professionnt", "bbox": ["215,146", "274,146", "274,154", "215,154"]}, {"word": "LEATHER", "bbox": ["170,152", "222,152", "222,168", "170,168"]}, {"word": "REPAIR", "bbox": ["226,152", "264,152", "264,168", "226,168"]}, {"word": "&", "bbox": ["266,152", "278,152", "278,168", "266,168"]}, {"word": "CLEAN", "bbox": ["280,151", "315,151", "315,168", "280,168"]}]