[{"word": "Computer", "bbox": ["109,51", "339,48", "340,102", "110,105"]}, {"word": "RENAISSANCE", "bbox": ["239,94", "328,93", "328,105", "239,106"]}, {"word": "SERVICE", "bbox": ["112,119", "214,118", "214,135", "112,136"]}, {"word": "&", "bbox": ["227,119", "242,119", "242,134", "227,134"]}, {"word": "SALES", "bbox": ["255,119", "327,119", "327,135", "255,135"]}, {"word": "TES", "bbox": ["431,144", "453,144", "453,150", "431,150"]}, {"word": "NSE", "bbox": ["424,149", "456,147", "457,159", "425,161"]}, {"word": "SALO", "bbox": ["462,146", "497,143", "498,158", "463,161"]}, {"word": "14979", "bbox": ["167,200", "194,199", "194,208", "167,209"]}, {"word": "NADOS", "bbox": ["366,197", "385,197", "385,205", "366,205"]}, {"word": "omp", "bbox": ["130,288", "156,286", "157,298", "131,300"]}, {"word": "iter", "bbox": ["162,285", "183,283", "184,296", "163,298"]}]