[{"word": "Royal", "bbox": ["52,52", "102,7", "113,20", "63,65"]}, {"word": "Choice", "bbox": ["73,59", "121,14", "130,24", "82,69"]}, {"word": "620", "bbox": ["62,75", "88,74", "89,85", "63,86"]}, {"word": "PLANT", "bbox": ["99,72", "127,71", "127,81", "100,82"]}, {"word": "ON", "bbox": ["130,69", "143,68", "144,80", "131,81"]}, {"word": "PREMISES.", "bbox": ["146,67", "199,64", "200,77", "147,80"]}, {"word": "SHIRT", "bbox": ["202,64", "231,62", "232,74", "203,76"]}, {"word": "LAUNDERERS", "bbox": ["236,62", "308,58", "309,70", "237,74"]}, {"word": "B691-9310", "bbox": ["317,60", "387,56", "388,68", "318,72"]}, {"word": "FRENCH", "bbox": ["135,19", "234,13", "236,42", "137,48"]}, {"word": "CLEANERS", "bbox": ["239,12", "380,4", "382,34", "241,42"]}]