[{"word": "Join", "bbox": ["157,22", "170,22", "170,26", "157,26"]}, {"word": "us", "bbox": ["173,23", "180,23", "180,26", "173,26"]}, {"word": "tonght", "bbox": ["183,22", "205,22", "205,28", "183,28"]}, {"word": "for", "bbox": ["208,21", "218,21", "218,28", "208,28"]}, {"word": "a", "bbox": ["220,24", "222,24", "222,26", "220,26"]}, {"word": "time", "bbox": ["225,23", "238,23", "238,26", "225,26"]}, {"word": "of", "bbox": ["241,22", "246,22", "246,26", "241,26"]}, {"word": "extended", "bbox": ["250,22", "279,22", "279,27", "250,27"]}, {"word": "worship", "bbox": ["282,23", "308,23", "308,28", "282,28"]}, {"word": "at", "bbox": ["311,24", "316,24", "316,27", "311,27"]}, {"word": "The", "bbox": ["320,23", "330,23", "330,27", "320,27"]}, {"word": "Attic.", "bbox": ["333,23", "349,23", "349,28", "333,28"]}, {"word": "Time", "bbox": ["158,30", "173,30", "173,35", "158,35"]}, {"word": "700pm", "bbox": ["179,30", "201,31", "201,37", "179,36"]}, {"word": "Place:", "bbox": ["158,37", "180,37", "180,44", "158,44"]}, {"word": "Oakvile", "bbox": ["180,38", "206,38", "206,43", "180,43"]}, {"word": "Iheatres", "bbox": ["210,39", "237,39", "237,43", "210,43"]}, {"word": "Come", "bbox": ["159,55", "177,55", "177,59", "159,59"]}, {"word": "at", "bbox": ["180,55", "186,55", "186,59", "180,59"]}, {"word": "00", "bbox": ["189,53", "203,53", "203,61", "189,61"]}, {"word": "for", "bbox": ["205,54", "214,54", "214,61", "205,61"]}, {"word": "\"Vision", "bbox": ["216,56", "238,56", "238,60", "216,60"]}, {"word": "and", "bbox": ["241,56", "252,56", "252,60", "241,60"]}, {"word": "Valves\"with", "bbox": ["255,56", "294,56", "294,61", "255,61"]}, {"word": "Bruny", "bbox": ["297,56", "315,56", "315,62", "297,62"]}, {"word": "and", "bbox": ["318,57", "330,57", "330,61", "318,61"]}, {"word": "Tie", "bbox": ["333,57", "343,57", "343,61", "333,61"]}]