[{"word": "Gulf", "bbox": ["22,81", "83,80", "83,103", "22,104"]}, {"word": "GAS", "bbox": ["223,126", "245,126", "245,135", "223,135"]}, {"word": "Calhoun's", "bbox": ["202,138", "263,138", "263,152", "202,152"]}, {"word": "COUNTRY", "bbox": ["191,148", "238,147", "238,164", "191,165"]}, {"word": "STORE", "bbox": ["240,147", "274,147", "274,164", "240,164"]}, {"word": "UNLEADED", "bbox": ["61,149", "96,148", "96,157", "61,158"]}, {"word": "699", "bbox": ["60,159", "98,159", "98,184", "60,184"]}, {"word": "200", "bbox": ["54,194", "92,195", "91,222", "53,221"]}, {"word": "PREMUM", "bbox": ["59,184", "94,183", "94,192", "59,193"]}, {"word": "SUNTS", "bbox": ["250,207", "270,207", "270,212", "250,212"]}, {"word": "Marlboro", "bbox": ["356,214", "395,214", "395,231", "356,231"]}, {"word": "3.39", "bbox": ["365,239", "394,239", "394,255", "365,255"]}]