[{"word": "JOYCE", "bbox": ["229,101", "307,101", "307,124", "229,124"]}, {"word": "GENERAL", "bbox": ["139,134", "269,133", "269,156", "139,157"]}, {"word": "STORE", "bbox": ["278,132", "368,131", "368,155", "278,156"]}, {"word": "Sovce", "bbox": ["251,170", "265,170", "265,176", "251,176"]}, {"word": "wa", "bbox": ["269,170", "275,170", "275,176", "269,176"]}, {"word": "ses43", "bbox": ["279,170", "293,170", "293,176", "279,176"]}, {"word": "ATM", "bbox": ["410,237", "432,237", "432,242", "410,242"]}]