[{"word": "MAX", "bbox": ["412,72", "437,71", "438,87", "413,88"]}, {"word": "DINER", "bbox": ["442,70", "471,68", "472,84", "443,86"]}, {"word": "RESTAURANT", "bbox": ["417,103", "466,101", "466,108", "417,110"]}, {"word": "AR", "bbox": ["418,111", "434,111", "434,122", "418,122"]}, {"word": "&", "bbox": ["438,111", "442,111", "442,122", "438,122"]}, {"word": "GRILL", "bbox": ["444,110", "468,109", "468,120", "444,121"]}, {"word": "MAX'S", "bbox": ["68,208", "207,202", "209,261", "71,267"]}, {"word": "LADIES", "bbox": ["253,216", "276,216", "276,225", "253,225"]}, {"word": "INVITED", "bbox": ["248,229", "277,229", "277,238", "248,238"]}, {"word": "TIELE", "bbox": ["309,214", "325,214", "325,225", "309,225"]}, {"word": "SERICE", "bbox": ["306,226", "324,226", "324,236", "306,236"]}, {"word": "GRILL", "bbox": ["343,214", "369,214", "369,234", "343,234"]}]