[{"word": "May", "bbox": ["10,57", "22,56", "22,64", "10,65"]}, {"word": "B", "bbox": ["24,57", "29,57", "29,64", "24,64"]}, {"word": "FAT", "bbox": ["32,56", "41,55", "41,63", "32,64"]}, {"word": "But", "bbox": ["45,55", "53,55", "53,62", "45,63"]}, {"word": "Youre", "bbox": ["57,54", "73,53", "73,61", "57,62"]}, {"word": "ODNEA", "bbox": ["87,55", "120,53", "120,54", "87,56"]}, {"word": "E", "bbox": ["132,53", "141,52", "141,53", "132,54"]}, {"word": "UGLY,", "bbox": ["13,65", "27,65", "27,72", "13,72"]}, {"word": "And", "bbox": ["29,64", "38,64", "38,72", "29,72"]}, {"word": "I", "bbox": ["40,64", "45,64", "45,71", "40,71"]}, {"word": "Can", "bbox": ["47,64", "53,64", "53,71", "47,71"]}, {"word": "DIET", "bbox": ["55,64", "67,64", "67,71", "55,71"]}, {"word": "WATCH", "bbox": ["77,64", "99,64", "99,70", "77,70"]}, {"word": "FOR", "bbox": ["102,63", "114,63", "114,69", "102,69"]}, {"word": "FINGER!", "bbox": ["117,62", "142,61", "142,68", "117,69"]}, {"word": "A", "bbox": ["318,43", "321,43", "321,49", "318,49"]}, {"word": "Man", "bbox": ["324,42", "337,41", "337,49", "324,50"]}, {"word": "is", "bbox": ["341,44", "345,44", "345,48", "341,48"]}, {"word": "tacomplete", "bbox": ["349,40", "386,38", "386,47", "349,49"]}, {"word": "Until", "bbox": ["316,51", "331,50", "331,56", "316,57"]}, {"word": "He", "bbox": ["335,51", "342,51", "342,56", "335,56"]}, {"word": "Gets", "bbox": ["346,50", "359,50", "359,55", "346,56"]}, {"word": "Married", "bbox": ["362,49", "388,48", "388,55", "362,56"]}, {"word": "THEN", "bbox": ["313,58", "333,57", "333,65", "313,66"]}, {"word": "HESTINISHID", "bbox": ["336,57", "393,54", "393,62", "336,65"]}, {"word": "Should", "bbox": ["397,54", "416,53", "416,61", "397,62"]}, {"word": "Be", "bbox": ["420,53", "426,53", "426,61", "420,61"]}, {"word": "Seen.", "bbox": ["429,53", "444,52", "444,60", "429,61"]}, {"word": "Not", "bbox": ["448,52", "458,52", "458,59", "448,59"]}, {"word": "Heard", "bbox": ["462,51", "479,50", "479,58", "462,59"]}, {"word": "A", "bbox": ["401,42", "409,42", "410,52", "402,52"]}, {"word": "NICE", "bbox": ["414,41", "443,39", "443,49", "415,51"]}, {"word": "ASS", "bbox": ["448,40", "473,39", "473,48", "448,49"]}, {"word": "DIRTY", "bbox": ["3,79", "29,79", "29,88", "3,88"]}, {"word": "ROFE'S", "bbox": ["110,90", "264,84", "267,153", "113,159"]}, {"word": "DINER", "bbox": ["268,83", "439,76", "442,146", "271,153"]}, {"word": "LATHere", "bbox": ["45,174", "165,174", "165,199", "45,199"]}, {"word": "owe", "bbox": ["176,174", "256,174", "256,199", "176,199"]}, {"word": "both", "bbox": ["263,174", "329,174", "329,199", "263,199"]}, {"word": "siary", "bbox": ["341,174", "426,174", "426,199", "341,199"]}, {"word": "BI", "bbox": ["489,164", "499,164", "499,181", "489,181"]}]