[{"word": "AAA", "bbox": ["117,0", "208,13", "202,56", "111,43"]}, {"word": "ONEY", "bbox": ["241,14", "256,14", "256,21", "241,21"]}, {"word": "BACK", "bbox": ["259,15", "270,15", "270,20", "259,20"]}, {"word": "GUARANTEE", "bbox": ["272,13", "300,13", "300,21", "272,21"]}, {"word": "IND", "bbox": ["210,25", "223,25", "223,31", "210,31"]}, {"word": "ROOT", "bbox": ["119,43", "153,50", "152,59", "117,52"]}, {"word": "BEER", "bbox": ["161,51", "189,57", "188,65", "159,60"]}, {"word": "FIS", "bbox": ["303,49", "328,53", "325,68", "300,64"]}, {"word": "AAA", "bbox": ["214,55", "230,52", "232,63", "216,66"]}, {"word": "CAFE", "bbox": ["318,62", "392,50", "396,74", "322,86"]}, {"word": "PEANUTS&", "bbox": ["126,77", "171,82", "169,95", "125,90"]}, {"word": "POPCORN", "bbox": ["174,82", "204,85", "202,99", "173,96"]}, {"word": "PAY", "bbox": ["465,105", "478,105", "478,115", "465,115"]}, {"word": "HEF", "bbox": ["485,105", "499,104", "499,112", "485,113"]}, {"word": "Coca-Col", "bbox": ["464,120", "499,120", "499,135", "464,135"]}, {"word": "n", "bbox": ["152,134", "157,134", "157,143", "152,143"]}, {"word": "Driks", "bbox": ["159,134", "175,135", "175,145", "159,144"]}, {"word": "100", "bbox": ["178,135", "192,136", "192,145", "178,144"]}, {"word": "Rot", "bbox": ["132,152", "141,152", "141,159", "132,159"]}, {"word": "B", "bbox": ["145,151", "149,151", "149,158", "145,158"]}, {"word": "2.50", "bbox": ["181,160", "194,160", "194,166", "181,166"]}, {"word": "\u53e3", "bbox": ["489,75", "489,102", "479,102", "479,75"]}]