[{"word": "Beatel", "bbox": ["238,76", "260,80", "258,87", "237,83"]}, {"word": "a", "bbox": ["262,80", "268,81", "267,87", "261,86"]}, {"word": "PORTSIDE", "bbox": ["112,59", "188,71", "186,86", "110,74"]}, {"word": "DINER", "bbox": ["196,74", "235,80", "233,93", "194,87"]}, {"word": "PORTSIDE", "bbox": ["157,109", "204,114", "203,123", "156,118"]}, {"word": "DENER", "bbox": ["206,115", "231,118", "230,125", "205,122"]}, {"word": "SEAKFAST", "bbox": ["136,121", "166,124", "165,130", "135,127"]}, {"word": "UNGE", "bbox": ["191,128", "206,129", "206,132", "191,131"]}]