[{"word": "SODA", "bbox": ["190,50", "234,49", "234,72", "190,73"]}, {"word": "FOUNTAIN", "bbox": ["241,49", "319,48", "319,71", "241,72"]}, {"word": "CENERAL", "bbox": ["114,121", "300,119", "300,159", "114,161"]}, {"word": "STORE", "bbox": ["309,119", "420,118", "420,157", "309,158"]}, {"word": "IN", "bbox": ["1,146", "12,146", "12,155", "1,155"]}, {"word": "LUNCH", "bbox": ["14,147", "39,147", "39,153", "14,153"]}, {"word": "Cola", "bbox": ["1,156", "42,157", "41,188", "0,187"]}, {"word": "RESTAURANT", "bbox": ["330,170", "426,170", "426,186", "330,186"]}, {"word": "GENERAL", "bbox": ["96,174", "150,173", "150,186", "96,187"]}, {"word": "STORE", "bbox": ["156,173", "190,173", "190,186", "156,186"]}, {"word": "nd", "bbox": ["0,189", "5,189", "5,194", "0,194"]}, {"word": "Refreshing", "bbox": ["8,189", "38,189", "38,196", "8,196"]}, {"word": "FOUNTAINSUNDRIES", "bbox": ["95,202", "188,201", "188,211", "95,212"]}, {"word": "ECTING", "bbox": ["1,206", "30,207", "30,217", "1,216"]}, {"word": "LIES", "bbox": ["1,217", "19,217", "19,227", "1,227"]}, {"word": "aid", "bbox": ["366,210", "343,211", "342,198", "365,197"]}, {"word": "BUD", "bbox": ["151,217", "178,215", "178,221", "151,223"]}, {"word": "SEIGHT", "bbox": ["148,222", "182,222", "182,227", "148,227"]}, {"word": "IGHT", "bbox": ["352,226", "372,227", "372,234", "352,233"]}, {"word": "COLE", "bbox": ["8,230", "17,230", "17,233", "8,233"]}, {"word": "ICE", "bbox": ["104,244", "123,245", "122,254", "103,253"]}, {"word": "STOP", "bbox": ["394,249", "419,249", "419,256", "394,256"]}, {"word": "GROCERIES", "bbox": ["112,303", "164,302", "164,310", "112,311"]}, {"word": "MAGAZINES", "bbox": ["359,303", "410,303", "410,310", "359,310"]}]