[{"word": "M", "bbox": ["2,120", "68,124", "66,160", "0,156"]}, {"word": "BATTENS", "bbox": ["74,124", "308,137", "306,173", "72,160"]}, {"word": "GENERAL", "bbox": ["126,169", "197,173", "196,184", "125,180"]}, {"word": "STORE", "bbox": ["203,174", "250,177", "249,187", "202,184"]}, {"word": "K", "bbox": ["69,191", "83,192", "82,208", "68,207"]}, {"word": "SPORTSMAN", "bbox": ["116,196", "203,201", "202,213", "115,208"]}, {"word": "KITCHEN", "bbox": ["210,201", "273,204", "272,215", "209,212"]}, {"word": "BREAKFAST", "bbox": ["67,233", "174,236", "173,255", "66,252"]}, {"word": "LUNCH", "bbox": ["186,236", "237,238", "236,257", "185,255"]}, {"word": "DINNER", "bbox": ["248,238", "304,240", "303,259", "247,257"]}, {"word": "GATOR", "bbox": ["65,254", "127,255", "126,276", "64,275"]}, {"word": "PIZZA", "bbox": ["153,258", "204,259", "204,278", "153,277"]}, {"word": "BOILED", "bbox": ["120,281", "176,282", "176,297", "120,296"]}, {"word": "PNUTS", "bbox": ["185,282", "234,283", "234,299", "185,298"]}, {"word": "BAIT", "bbox": ["166,304", "204,304", "204,320", "166,320"]}, {"word": "BURGERS", "bbox": ["237,260", "309,262", "308,280", "236,278"]}, {"word": "MOVIES", "bbox": ["38,114", "38,357", "8,357", "8,114"]}]