[{"word": "Slinky", "bbox": ["162,29", "191,29", "191,41", "162,41"]}, {"word": "Dog", "bbox": ["195,31", "214,31", "214,43", "195,43"]}, {"word": "NYOH", "bbox": ["428,59", "450,58", "450,65", "428,66"]}, {"word": "Slinky", "bbox": ["167,102", "194,100", "195,111", "168,113"]}, {"word": "Dog", "bbox": ["196,101", "214,100", "215,112", "197,113"]}, {"word": "WHOOPEE", "bbox": ["178,225", "228,227", "228,234", "178,232"]}, {"word": "CUSHION", "bbox": ["188,232", "224,233", "224,241", "188,240"]}]