[{"word": "\u767e", "bbox": ["9,95", "13,95", "13,100", "9,100"]}, {"word": "\u53ea", "bbox": ["16,95", "20,95", "20,100", "16,100"]}, {"word": "\u6cb3", "bbox": ["23,95", "28,95", "28,100", "23,100"]}, {"word": "\u4e5f", "bbox": ["30,93", "35,93", "35,101", "30,101"]}, {"word": "\u5b66", "bbox": ["37,93", "43,93", "43,101", "37,101"]}, {"word": "\u5bb6\u5e84", "bbox": ["45,93", "56,93", "56,101", "45,101"]}, {"word": "\u4e8e", "bbox": ["58,93", "63,93", "63,100", "58,100"]}, {"word": "\u793e\u533a", "bbox": ["65,95", "76,95", "76,100", "65,100"]}, {"word": "\u4e09\u751f", "bbox": ["79,93", "90,93", "90,100", "79,100"]}, {"word": "\u6240", "bbox": ["94,95", "98,95", "98,99", "94,99"]}, {"word": "(", "bbox": ["103,95", "104,95", "104,99", "103,99"]}, {"word": "\u836f", "bbox": ["108,95", "112,95", "112,100", "108,100"]}, {"word": "\u5238", "bbox": ["115,95", "119,95", "119,100", "115,100"]}, {"word": ")", "bbox": ["123,96", "124,96", "124,99", "123,99"]}]