[{"word": "ZODYS", "bbox": ["217,86", "309,101", "304,128", "213,113"]}, {"word": "ZODYS", "bbox": ["82,370", "299,370", "299,413", "82,413"]}, {"word": "Your", "bbox": ["38,414", "73,414", "73,429", "38,429"]}, {"word": "Value", "bbox": ["76,417", "111,417", "111,427", "76,427"]}, {"word": "Fashion", "bbox": ["119,417", "163,417", "163,427", "119,427"]}, {"word": "Discount", "bbox": ["171,417", "221,418", "221,429", "171,428"]}, {"word": "Department", "bbox": ["228,418", "301,419", "301,432", "228,431"]}, {"word": "Store", "bbox": ["306,418", "336,418", "336,428", "306,428"]}, {"word": "COME", "bbox": ["135,451", "183,451", "183,463", "135,463"]}, {"word": "SAVE...", "bbox": ["192,451", "246,451", "246,463", "192,463"]}, {"word": "THERE'S", "bbox": ["87,470", "149,470", "149,483", "87,483"]}, {"word": "ONE", "bbox": ["158,470", "192,470", "192,483", "158,483"]}, {"word": "NEAR", "bbox": ["201,470", "244,470", "244,483", "201,483"]}, {"word": "YOU!", "bbox": ["253,471", "292,471", "292,483", "253,483"]}, {"word": "owney.com", "bbox": ["312,491", "379,492", "379,500", "312,499"]}]