[{"word": "COLDS", "bbox": ["3,26", "25,26", "25,35", "3,35"]}, {"word": "S", "bbox": ["29,25", "37,25", "37,36", "29,36"]}, {"word": "EEDS", "bbox": ["1,43", "19,43", "19,54", "1,54"]}, {"word": "GIENE", "bbox": ["1,63", "19,62", "19,71", "1,72"]}, {"word": "N", "bbox": ["29,61", "41,60", "41,69", "29,70"]}, {"word": "LINIMENTS", "bbox": ["42,69", "71,69", "71,78", "42,78"]}, {"word": "N", "bbox": ["83,67", "90,67", "90,75", "83,75"]}, {"word": "K", "bbox": ["405,80", "410,80", "410,90", "405,90"]}, {"word": "OINTMENTS", "bbox": ["412,80", "445,82", "444,93", "411,91"]}, {"word": "ANALDESICS", "bbox": ["84,96", "112,97", "112,102", "84,101"]}, {"word": "FIRST", "bbox": ["413,98", "429,98", "429,105", "413,105"]}, {"word": "AID", "bbox": ["433,98", "443,98", "443,107", "433,107"]}, {"word": "PRESCRIPTIONS", "bbox": ["155,109", "370,113", "370,134", "155,130"]}, {"word": "LAXATIVES", "bbox": ["387,111", "413,112", "413,119", "387,118"]}, {"word": "RANTS", "bbox": ["371,131", "390,131", "390,137", "371,137"]}]