[{"word": "Lichtenfeld", "bbox": ["237,43", "443,-3", "453,42", "247,88"]}, {"word": "MO)", "bbox": ["52,97", "92,99", "92,109", "52,107"]}, {"word": "ank", "bbox": ["1,118", "16,115", "19,134", "4,137"]}, {"word": "Apotheke", "bbox": ["302,116", "433,95", "439,130", "308,152"]}, {"word": "Internationale", "bbox": ["81,148", "180,134", "184,158", "85,173"]}, {"word": "ECZANE", "bbox": ["224,268", "257,269", "257,278", "224,277"]}, {"word": "FARMA", "bbox": ["219,277", "245,279", "244,290", "218,288"]}, {"word": "PRARM", "bbox": ["220,290", "246,292", "245,302", "219,300"]}, {"word": "PHARM", "bbox": ["220,302", "246,305", "245,315", "219,312"]}]