[{"word": "Tampa", "bbox": ["0,0", "185,-25", "193,28", "7,54"]}, {"word": "Bay", "bbox": ["262,6", "313,14", "310,36", "259,28"]}, {"word": "Pharmacy", "bbox": ["361,23", "458,63", "449,85", "352,45"]}, {"word": "ANTIBIOTICS-", "bbox": ["0,0", "274,-14", "277,48", "3,62"]}, {"word": "GENERICS", "bbox": ["4,-24", "384,49", "380,71", "0,-1"]}, {"word": "184", "bbox": ["153,134", "164,133", "164,138", "153,139"]}, {"word": "HILI", "bbox": ["126,164", "144,164", "144,171", "126,171"]}, {"word": "Tampa", "bbox": ["63,169", "94,170", "94,180", "63,179"]}, {"word": "Bat", "bbox": ["101,169", "119,169", "119,181", "101,181"]}, {"word": "ezac", "bbox": ["125,170", "143,170", "143,181", "125,181"]}, {"word": "ng", "bbox": ["145,170", "155,170", "155,182", "145,182"]}, {"word": "2OVIRAXT", "bbox": ["322,181", "353,179", "353,185", "322,187"]}, {"word": "utet", "bbox": ["326,188", "357,186", "358,199", "327,201"]}, {"word": "PHARMAC", "bbox": ["362,186", "405,183", "406,196", "363,199"]}, {"word": "DIFLUCAN", "bbox": ["328,199", "351,198", "351,205", "328,206"]}, {"word": "PHARMACY", "bbox": ["55,187", "113,189", "112,206", "54,204"]}, {"word": "DRUG", "bbox": ["50,209", "81,212", "79,228", "48,225"]}, {"word": "STOR", "bbox": ["83,212", "115,215", "113,231", "81,228"]}, {"word": "a", "bbox": ["342,208", "352,207", "353,219", "343,220"]}, {"word": "RUG", "bbox": ["363,206", "389,204", "390,216", "364,218"]}, {"word": "SIOR", "bbox": ["391,204", "410,203", "411,216", "392,217"]}, {"word": "ON", "bbox": ["126,214", "137,214", "137,221", "126,221"]}, {"word": "Z-PAC", "bbox": ["326,230", "350,227", "351,234", "327,237"]}, {"word": "T", "bbox": ["354,226", "363,225", "364,232", "355,233"]}, {"word": "LAMSL", "bbox": ["125,244", "143,245", "143,252", "125,251"]}, {"word": "VINIV", "bbox": ["316,241", "317,282", "304,282", "303,241"]}]