[{"word": "OUR", "bbox": ["196,2", "287,-3", "289,36", "198,41"]}, {"word": "RMACY", "bbox": ["6,56", "217,66", "213,152", "2,142"]}, {"word": "CIPRO", "bbox": ["340,80", "357,81", "357,87", "340,86"]}, {"word": "PRILOSEC", "bbox": ["331,88", "364,90", "364,97", "331,95"]}, {"word": "RETIN-A", "bbox": ["337,99", "359,100", "359,106", "337,105"]}, {"word": "CLARITIN", "bbox": ["335,109", "361,110", "361,116", "335,115"]}, {"word": "IMITREX", "bbox": ["333,117", "361,118", "361,124", "333,123"]}, {"word": "SPORANCX", "bbox": ["329,126", "363,127", "363,134", "329,133"]}, {"word": "ZANTAC", "bbox": ["336,137", "359,138", "359,144", "336,143"]}, {"word": "PROZAC", "bbox": ["248,92", "269,92", "269,96", "248,96"]}, {"word": "PERGONAL", "bbox": ["243,99", "273,100", "273,106", "243,105"]}, {"word": "RENOVA", "bbox": ["247,108", "270,109", "270,114", "247,113"]}, {"word": "AMOXICILLIN", "bbox": ["243,117", "274,117", "274,123", "243,123"]}, {"word": "20COR", "bbox": ["249,126", "267,126", "267,131", "249,131"]}, {"word": "KEFLEX", "bbox": ["248,135", "268,135", "268,140", "248,140"]}, {"word": "DIFLUCAN", "bbox": ["242,142", "272,143", "272,149", "242,148"]}, {"word": "2OVIRAX", "bbox": ["242,151", "270,151", "270,158", "242,158"]}, {"word": "HGH", "bbox": ["339,147", "355,147", "355,152", "339,152"]}, {"word": "ON", "bbox": ["279,264", "287,264", "287,268", "279,269"]}, {"word": "AL", "bbox": ["289,263", "298,262", "298,268", "289,269"]}, {"word": "BRAN", "bbox": ["276,271", "296,269", "296,275", "277,277"]}, {"word": "NAME", "bbox": ["277,280", "295,277", "296,283", "278,286"]}, {"word": "MEDIC", "bbox": ["273,288", "296,286", "296,291", "273,293"]}, {"word": "SA", "bbox": ["79,270", "86,270", "86,275", "79,275"]}, {"word": "ALL", "bbox": ["5,273", "22,273", "22,282", "5,282"]}, {"word": "AND", "bbox": ["1,284", "23,282", "24,289", "2,291"]}, {"word": "AME", "bbox": ["1,293", "19,292", "19,299", "1,300"]}, {"word": "ICINE", "bbox": ["2,302", "27,300", "28,310", "3,312"]}, {"word": "30%", "bbox": ["61,276", "125,275", "125,309", "61,310"]}, {"word": "30%", "bbox": ["226,270", "273,267", "275,300", "228,303"]}]