[{"word": "Mal", "bbox": ["92,41", "106,44", "104,50", "91,47"]}, {"word": "Hal", "bbox": ["112,47", "123,49", "122,54", "111,52"]}, {"word": "Peice", "bbox": ["93,46", "107,50", "106,57", "91,53"]}, {"word": "Price", "bbox": ["110,52", "123,56", "122,61", "108,58"]}, {"word": "Half", "bbox": ["143,53", "155,56", "152,64", "141,61"]}, {"word": "Price", "bbox": ["140,58", "155,64", "151,73", "136,67"]}, {"word": "Malf", "bbox": ["121,84", "131,87", "129,93", "119,90"]}, {"word": "Price", "bbox": ["114,89", "129,93", "128,100", "112,96"]}, {"word": "Half", "bbox": ["108,113", "121,115", "120,121", "107,119"]}, {"word": "Price", "bbox": ["105,120", "120,121", "120,127", "105,126"]}, {"word": "Mall", "bbox": ["96,138", "109,140", "108,145", "95,143"]}, {"word": "Price", "bbox": ["93,141", "109,145", "107,151", "92,147"]}, {"word": "Half", "bbox": ["108,153", "120,154", "120,159", "108,158"]}]