[{"word": "\u5065\u5eb7", "bbox": ["517,14", "568,8", "571,32", "520,38"]}, {"word": "\u98df\u54c1", "bbox": ["570,7", "604,3", "607,27", "573,31"]}, {"word": "\u5927", "bbox": ["535,58", "540,57", "541,63", "536,64"]}, {"word": "\u516c\u53f8", "bbox": ["584,52", "592,51", "593,58", "585,59"]}, {"word": "\u4e2d", "bbox": ["519,66", "560,62", "560,68", "520,72"]}, {"word": "SUNE", "bbox": ["67,91", "103,101", "98,116", "63,106"]}, {"word": "\u514b", "bbox": ["204,180", "219,181", "218,192", "203,191"]}, {"word": "\u8eab", "bbox": ["221,181", "229,182", "228,193", "220,192"]}, {"word": "\u30db", "bbox": ["231,182", "237,183", "236,193", "230,193"]}, {"word": "\u7814", "bbox": ["239,183", "257,185", "256,196", "238,194"]}, {"word": "4.", "bbox": ["295,545", "355,552", "346,628", "287,622"]}, {"word": "30", "bbox": ["412,569", "496,566", "499,636", "415,640"]}, {"word": "1481", "bbox": ["439,637", "491,639", "490,660", "438,658"]}, {"word": "PIUS", "bbox": ["528,494", "529,529", "514,529", "513,494"]}]