[{"word": "ALL", "bbox": ["44,10", "69,4", "72,15", "46,21"]}, {"word": "PHARMACY", "bbox": ["10,104", "272,154", "264,196", "2,146"]}, {"word": "20%", "bbox": ["21,139", "72,145", "71,152", "20,146"]}, {"word": "20%", "bbox": ["100,153", "128,154", "128,160", "100,159"]}, {"word": "ALL", "bbox": ["26,155", "77,162", "75,172", "25,165"]}, {"word": "KIND", "bbox": ["108,166", "147,171", "145,181", "107,176"]}, {"word": "OF", "bbox": ["177,175", "184,176", "183,186", "176,185"]}, {"word": "MEDICINE", "bbox": ["187,179", "262,189", "261,196", "186,186"]}, {"word": "SPECIALS", "bbox": ["246,221", "308,222", "308,228", "246,227"]}, {"word": "VIAGRA", "bbox": ["242,233", "263,234", "263,241", "242,240"]}, {"word": "TRE,", "bbox": ["269,234", "286,235", "286,241", "269,240"]}, {"word": "g", "bbox": ["290,235", "301,235", "301,242", "290,242"]}, {"word": "SOMA", "bbox": ["242,244", "259,244", "259,250", "242,250"]}, {"word": "*AMPICILLIN", "bbox": ["241,254", "273,254", "273,260", "241,260"]}, {"word": "AMOXICILLIN", "bbox": ["245,265", "277,265", "277,271", "245,271"]}, {"word": "ng", "bbox": ["291,265", "301,265", "301,273", "291,273"]}, {"word": "a", "bbox": ["303,265", "314,265", "314,272", "303,272"]}, {"word": "PENICILLIN", "bbox": ["242,275", "273,275", "273,282", "242,282"]}, {"word": "\"ERITROMICINA", "bbox": ["242,285", "282,285", "282,292", "242,292"]}, {"word": "lp", "bbox": ["291,285", "314,285", "314,294", "291,294"]}, {"word": "CIPRO", "bbox": ["243,296", "261,296", "261,303", "243,303"]}, {"word": "CEPHALEXIN", "bbox": ["242,307", "277,307", "277,313", "242,313"]}, {"word": "*RETIN", "bbox": ["241,317", "261,317", "261,324", "241,324"]}, {"word": "A", "bbox": ["263,317", "266,317", "266,324", "263,324"]}, {"word": "CREAM", "bbox": ["268,316", "284,316", "284,323", "268,323"]}, {"word": "*IBUPROFEN", "bbox": ["242,327", "274,327", "274,334", "242,334"]}]