[{"word": "1923", "bbox": ["192,88", "219,85", "220,93", "193,96"]}, {"word": "HARRISON'S", "bbox": ["80,174", "371,170", "372,213", "81,217"]}, {"word": "FUNERAL", "bbox": ["81,215", "189,215", "189,231", "81,231"]}, {"word": "HOME", "bbox": ["224,212", "295,212", "295,231", "224,231"]}, {"word": "INC", "bbox": ["310,212", "375,212", "375,231", "310,231"]}, {"word": "Crange", "bbox": ["71,226", "166,228", "165,264", "70,262"]}, {"word": "Mound", "bbox": ["170,228", "253,230", "252,257", "169,255"]}, {"word": "Chapel", "bbox": ["258,230", "372,233", "371,270", "257,267"]}]