[{"word": "Rest", "bbox": ["163,95", "214,94", "214,109", "163,110"]}, {"word": "Assured", "bbox": ["220,93", "310,91", "310,107", "220,109"]}, {"word": "We", "bbox": ["152,115", "184,115", "184,131", "152,131"]}, {"word": "Have", "bbox": ["192,114", "255,114", "255,130", "192,130"]}, {"word": "Space", "bbox": ["264,112", "324,112", "324,134", "264,134"]}, {"word": "Lots", "bbox": ["125,141", "159,140", "159,154", "125,155"]}, {"word": "of", "bbox": ["167,142", "180,142", "180,153", "167,153"]}, {"word": "options", "bbox": ["186,142", "235,140", "235,155", "186,157"]}, {"word": "to", "bbox": ["243,143", "254,143", "254,150", "243,150"]}, {"word": "choose", "bbox": ["262,139", "304,138", "304,149", "262,150"]}, {"word": "from.", "bbox": ["309,135", "343,134", "344,151", "310,152"]}, {"word": "Call:", "bbox": ["191,165", "219,164", "219,175", "191,176"]}, {"word": "416-485-9129", "bbox": ["143,184", "263,179", "263,193", "144,198"]}, {"word": "Moont", "bbox": ["280,179", "297,178", "297,188", "280,189"]}, {"word": "Plenant", "bbox": ["299,179", "319,178", "319,188", "299,189"]}, {"word": "Group", "bbox": ["321,178", "337,177", "337,187", "321,188"]}, {"word": "of", "bbox": ["293,187", "298,187", "298,192", "293,192"]}, {"word": "Cemeries", "bbox": ["300,186", "326,185", "326,191", "300,192"]}]