[{"word": "APARIMA", "bbox": ["6,11", "198,17", "197,51", "5,45"]}, {"word": "MOTOR", "bbox": ["207,27", "292,30", "291,49", "206,46"]}, {"word": "LODGE", "bbox": ["305,28", "381,30", "380,48", "304,46"]}, {"word": "Accommodation", "bbox": ["189,216", "280,216", "280,223", "189,223"]}, {"word": "of", "bbox": ["287,216", "296,216", "296,223", "287,223"]}, {"word": "the", "bbox": ["301,216", "317,216", "317,223", "301,223"]}, {"word": "highest", "bbox": ["323,216", "364,216", "364,225", "323,225"]}, {"word": "quality", "bbox": ["370,216", "407,216", "407,225", "370,225"]}, {"word": "for", "bbox": ["412,216", "427,216", "427,223", "412,223"]}, {"word": "every", "bbox": ["432,218", "462,218", "462,225", "432,225"]}, {"word": "budget", "bbox": ["468,216", "506,216", "506,225", "468,225"]}]