[{"word": "ACE", "bbox": ["126,88", "277,90", "276,159", "125,157"]}, {"word": "Motor", "bbox": ["126,192", "199,196", "197,231", "124,227"]}, {"word": "Lodge", "bbox": ["201,196", "274,200", "272,236", "199,232"]}, {"word": "DACANCY", "bbox": ["150,278", "252,277", "252,292", "150,293"]}, {"word": "ROOMIS", "bbox": ["132,311", "268,311", "268,324", "132,324"]}, {"word": "SUNDAY-", "bbox": ["128,329", "192,329", "192,335", "128,335"]}, {"word": "THURSDAY", "bbox": ["197,329", "269,329", "269,335", "197,335"]}, {"word": "29.95", "bbox": ["171,340", "234,339", "234,352", "171,353"]}, {"word": "TAR", "bbox": ["135,341", "145,341", "145,346", "135,346"]}, {"word": "PUS", "bbox": ["246,343", "256,343", "256,345", "246,345"]}, {"word": "AX", "bbox": ["260,343", "268,343", "268,345", "260,345"]}, {"word": "VALIDATED", "bbox": ["121,371", "194,371", "194,384", "121,384"]}, {"word": "PARKING", "bbox": ["200,371", "259,371", "259,385", "200,385"]}, {"word": "AT", "bbox": ["265,371", "280,371", "280,385", "265,385"]}, {"word": "THE", "bbox": ["122,390", "146,390", "146,404", "122,404"]}, {"word": "PARKING", "bbox": ["151,390", "211,390", "211,405", "151,405"]}, {"word": "GALLERY", "bbox": ["217,390", "279,390", "279,405", "217,405"]}]