[{"word": "Vacalion", "bbox": ["125,193", "275,187", "277,234", "127,240"]}, {"word": "HOTEL", "bbox": ["115,256", "256,250", "258,292", "117,298"]}, {"word": "MOTOR", "bbox": ["157,238", "225,235", "225,246", "157,249"]}, {"word": "$INGLE", "bbox": ["172,349", "202,349", "202,358", "172,358"]}, {"word": "$24", "bbox": ["215,349", "230,349", "230,359", "215,359"]}, {"word": "95", "bbox": ["234,350", "244,350", "244,358", "234,358"]}, {"word": "T*", "bbox": ["159,362", "173,362", "173,370", "159,370"]}, {"word": "HALL", "bbox": ["178,362", "199,362", "199,371", "178,371"]}, {"word": "ONMER", "bbox": ["209,361", "249,362", "249,373", "209,372"]}, {"word": "ATS", "bbox": ["161,374", "182,375", "182,383", "161,382"]}, {"word": "WE", "bbox": ["193,375", "205,375", "205,384", "193,384"]}, {"word": "MO", "bbox": ["220,376", "233,376", "233,385", "220,385"]}, {"word": "YR", "bbox": ["246,376", "259,376", "259,385", "246,385"]}]