[{"word": "SAVOT", "bbox": ["254,93", "391,102", "388,138", "252,129"]}, {"word": "YACAM", "bbox": ["316,212", "372,212", "372,231", "316,231"]}, {"word": "Savoy", "bbox": ["68,246", "126,245", "126,264", "68,265"]}, {"word": "MOTOR", "bbox": ["135,247", "193,246", "193,261", "135,262"]}, {"word": "L\u00d6DGE", "bbox": ["203,244", "265,243", "265,261", "203,262"]}, {"word": "CABLE", "bbox": ["84,269", "116,269", "116,278", "84,278"]}, {"word": "T.V.", "bbox": ["122,267", "138,267", "138,279", "122,279"]}, {"word": "\u2022", "bbox": ["142,267", "148,267", "148,278", "142,278"]}, {"word": "PHONE", "bbox": ["150,268", "184,268", "184,276", "150,276"]}, {"word": "KING", "bbox": ["199,268", "224,268", "224,276", "199,276"]}, {"word": "BED", "bbox": ["230,267", "252,267", "252,276", "230,276"]}, {"word": "322.4477", "bbox": ["67,279", "157,279", "157,295", "67,295"]}, {"word": "WEEKLIES", "bbox": ["179,278", "221,278", "221,292", "179,292"]}, {"word": "E", "bbox": ["225,278", "233,278", "233,292", "225,292"]}, {"word": "DAILY", "bbox": ["235,278", "258,278", "258,292", "235,292"]}]