[{"word": "OPEN", "bbox": ["232,65", "253,61", "254,68", "233,72"]}, {"word": "7tO", "bbox": ["258,60", "269,58", "270,65", "259,67"]}, {"word": "11", "bbox": ["274,56", "281,55", "282,62", "276,64"]}, {"word": "RETAIL", "bbox": ["214,91", "359,63", "368,105", "222,133"]}, {"word": "24", "bbox": ["366,62", "437,48", "445,89", "374,103"]}, {"word": "FOOD", "bbox": ["257,123", "300,116", "302,127", "259,134"]}, {"word": "&", "bbox": ["306,116", "316,114", "317,122", "307,124"]}, {"word": "WINE", "bbox": ["324,112", "366,105", "368,116", "326,123"]}, {"word": "FINANCIAL", "bbox": ["148,137", "199,140", "198,150", "147,147"]}, {"word": "TIMES", "bbox": ["147,146", "178,148", "177,157", "146,155"]}, {"word": "FP", "bbox": ["440,126", "456,126", "456,140", "440,140"]}, {"word": "Pay", "bbox": ["441,140", "451,140", "451,147", "441,147"]}, {"word": "Point", "bbox": ["441,147", "457,147", "457,154", "441,154"]}, {"word": "A", "bbox": ["442,209", "450,209", "450,216", "442,216"]}, {"word": "RETBIL", "bbox": ["67,242", "104,239", "106,256", "69,260"]}, {"word": "24", "bbox": ["108,240", "120,239", "121,251", "109,252"]}, {"word": "RETAIL", "bbox": ["136,236", "178,232", "179,249", "138,253"]}, {"word": "24", "bbox": ["182,232", "195,231", "196,244", "183,245"]}, {"word": "RETBIL", "bbox": ["214,227", "258,223", "260,243", "216,247"]}, {"word": "24", "bbox": ["263,223", "277,222", "278,237", "264,238"]}, {"word": "And", "bbox": ["443,231", "454,231", "454,237", "443,237"]}, {"word": "RITS", "bbox": ["382,415", "397,412", "398,418", "384,422"]}, {"word": "SACK", "bbox": ["377,424", "398,420", "399,427", "378,431"]}, {"word": "NTIR", "bbox": ["373,445", "398,440", "400,449", "375,454"]}]