[{"word": "CABOT", "bbox": ["7,75", "67,73", "68,94", "8,96"]}, {"word": "LIQUORS", "bbox": ["73,73", "142,71", "143,92", "74,94"]}, {"word": "Bueiser", "bbox": ["147,77", "212,76", "212,87", "147,88"]}, {"word": "bite", "bbox": ["221,91", "240,89", "241,100", "222,102"]}, {"word": "Hser", "bbox": ["471,134", "498,133", "498,140", "471,141"]}, {"word": "GHT", "bbox": ["451,158", "483,155", "484,165", "452,168"]}, {"word": "12", "bbox": ["246,177", "277,177", "277,196", "246,196"]}, {"word": "12", "bbox": ["446,180", "458,180", "458,187", "446,187"]}]