[{"word": "DOS", "bbox": ["6,95", "25,96", "24,103", "6,102"]}, {"word": "EQUS", "bbox": ["23,96", "42,97", "41,105", "22,104"]}, {"word": "\u03a7\u03a7", "bbox": ["10,104", "50,106", "49,126", "9,124"]}, {"word": "MPORTEO", "bbox": ["2,127", "29,128", "29,135", "2,134"]}, {"word": "BEER", "bbox": ["32,129", "46,129", "46,134", "32,134"]}, {"word": "Heineker", "bbox": ["429,128", "473,129", "473,138", "429,137"]}, {"word": "ERA", "bbox": ["421,157", "439,157", "439,164", "421,164"]}, {"word": "ROLLING", "bbox": ["198,172", "266,166", "268,188", "200,194"]}, {"word": "ROCK", "bbox": ["217,187", "256,188", "256,204", "217,203"]}, {"word": "CAN", "bbox": ["295,165", "313,165", "313,172", "295,172"]}, {"word": "GAS", "bbox": ["315,165", "322,165", "322,172", "315,172"]}, {"word": "RUDWEISER", "bbox": ["288,170", "320,170", "320,177", "288,177"]}, {"word": "KILLER", "bbox": ["284,177", "311,177", "311,185", "284,185"]}, {"word": "LIT", "bbox": ["314,177", "331,177", "331,185", "314,185"]}, {"word": "COORS", "bbox": ["284,186", "304,186", "304,193", "284,193"]}, {"word": "LIGHT", "bbox": ["308,187", "324,187", "324,193", "308,193"]}, {"word": "19\"", "bbox": ["327,187", "336,187", "336,194", "327,194"]}, {"word": "ol", "bbox": ["2,180", "29,180", "29,197", "2,197"]}, {"word": "MAR", "bbox": ["141,193", "157,192", "157,198", "141,199"]}, {"word": "MER", "bbox": ["142,200", "158,200", "158,206", "142,206"]}, {"word": "CourC", "bbox": ["139,206", "153,206", "153,211", "139,211"]}, {"word": "Hennessy", "bbox": ["231,223", "278,224", "278,234", "231,233"]}, {"word": "SONEN'S", "bbox": ["376,240", "399,240", "399,244", "376,244"]}, {"word": "DPORT", "bbox": ["369,244", "390,244", "390,249", "369,249"]}, {"word": "BEEK", "bbox": ["393,244", "406,244", "406,249", "393,249"]}, {"word": "(SELECTION", "bbox": ["373,249", "402,250", "402,254", "373,254"]}, {"word": "JUST", "bbox": ["374,254", "388,254", "388,259", "374,259"]}, {"word": "GOT", "bbox": ["391,254", "401,254", "401,259", "391,259"]}, {"word": "BIGGER", "bbox": ["374,260", "399,260", "399,264", "374,264"]}]