[{"word": "LIQUOR", "bbox": ["192,109", "363,116", "361,156", "190,149"]}, {"word": "STORE", "bbox": ["208,146", "353,152", "352,185", "207,179"]}, {"word": "MONTROS", "bbox": ["452,140", "639,150", "637,182", "450,172"]}, {"word": "urocollan", "bbox": ["455,219", "487,220", "487,224", "455,223"]}, {"word": "andy", "bbox": ["509,221", "526,221", "526,225", "509,225"]}, {"word": "cold", "bbox": ["550,223", "562,224", "562,228", "550,227"]}, {"word": "cnnkt", "bbox": ["566,223", "583,224", "583,228", "566,227"]}, {"word": "TRicks", "bbox": ["597,225", "618,225", "618,231", "597,231"]}, {"word": "ATM", "bbox": ["147,242", "188,243", "187,259", "147,258"]}, {"word": "hu", "bbox": ["304,273", "313,273", "313,279", "304,279"]}, {"word": "ICE", "bbox": ["316,272", "335,271", "335,281", "316,282"]}, {"word": "PROPANE", "bbox": ["476,301", "523,303", "523,309", "476,307"]}, {"word": "ICE", "bbox": ["278,332", "360,333", "360,355", "278,354"]}, {"word": "20", "bbox": ["471,421", "500,421", "500,444", "471,444"]}, {"word": "6", "bbox": ["522,421", "540,421", "540,444", "522,444"]}, {"word": "2006", "bbox": ["546,421", "588,421", "588,444", "546,444"]}]