[{"word": "CocaCola", "bbox": ["165,41", "296,41", "296,77", "165,77"]}, {"word": "Surf", "bbox": ["175,125", "330,127", "329,178", "174,176"]}, {"word": "LIQUOR", "bbox": ["54,176", "419,172", "420,241", "55,245"]}, {"word": "SUREDOGS", "bbox": ["113,307", "344,306", "344,341", "113,342"]}, {"word": "LO", "bbox": ["179,342", "204,342", "204,352", "179,352"]}, {"word": "FA", "bbox": ["211,341", "219,341", "219,351", "211,351"]}, {"word": "O", "bbox": ["253,341", "266,341", "266,351", "253,351"]}, {"word": "Coca-Cola", "bbox": ["208,435", "249,434", "249,450", "208,451"]}]