[{"word": "Logan", "bbox": ["86,46", "112,46", "112,48", "86,48"]}, {"word": "Circle", "bbox": ["122,46", "151,46", "151,60", "122,60"]}, {"word": "E", "bbox": ["153,47", "167,47", "167,60", "153,60"]}, {"word": "CHECKS", "bbox": ["169,47", "191,47", "191,60", "169,60"]}, {"word": "CASHED", "bbox": ["193,47", "219,47", "219,60", "193,60"]}, {"word": "n", "bbox": ["246,48", "263,48", "263,61", "246,61"]}, {"word": "Circle", "bbox": ["267,48", "298,48", "298,61", "267,61"]}, {"word": "MENS", "bbox": ["314,49", "338,49", "338,62", "314,62"]}, {"word": "RISE", "bbox": ["340,49", "361,49", "361,62", "340,62"]}, {"word": "LIQUOR", "bbox": ["85,61", "151,56", "153,80", "87,85"]}, {"word": "LIQUOR", "bbox": ["232,54", "300,56", "299,81", "231,79"]}, {"word": "Good", "bbox": ["360,92", "385,92", "385,99", "360,99"]}, {"word": "RIEGood", "bbox": ["307,93", "345,93", "345,102", "307,102"]}, {"word": "N", "bbox": ["316,98", "321,98", "321,109", "316,109"]}, {"word": "Charlotte,", "bbox": ["327,98", "361,98", "361,109", "327,109"]}, {"word": "Charlotte", "bbox": ["363,98", "396,98", "396,105", "363,105"]}, {"word": "Charlotte", "bbox": ["398,98", "433,98", "433,109", "398,109"]}, {"word": "Good", "bbox": ["323,109", "346,109", "346,116", "323,116"]}, {"word": "Moming", "bbox": ["323,115", "357,115", "357,123", "323,123"]}, {"word": "Moming", "bbox": ["363,115", "392,115", "392,123", "363,123"]}, {"word": "Moming", "bbox": ["398,115", "427,115", "427,123", "398,123"]}, {"word": "Revival", "bbox": ["323,123", "357,123", "357,130", "323,130"]}, {"word": "Revival", "bbox": ["363,122", "392,122", "392,129", "363,129"]}, {"word": "Revival", "bbox": ["398,122", "427,122", "427,129", "398,129"]}, {"word": "CH", "bbox": ["475,98", "496,97", "496,113", "475,114"]}, {"word": "VEST", "bbox": ["475,114", "496,113", "497,124", "476,125"]}, {"word": "Good", "bbox": ["363,109", "382,109", "382,115", "363,115"]}, {"word": "Good", "bbox": ["398,109", "418,109", "418,117", "398,117"]}, {"word": "FLACTURE", "bbox": ["214,120", "245,120", "245,127", "214,127"]}, {"word": "REJ", "bbox": ["78,139", "91,139", "91,144", "78,144"]}, {"word": "RET", "bbox": ["126,138", "139,138", "139,143", "126,143"]}, {"word": "327.20073.272007327.2007", "bbox": ["328,135", "429,135", "429,143", "328,143"]}, {"word": "ARIT", "bbox": ["248,144", "263,144", "263,151", "248,151"]}, {"word": "APRILIN", "bbox": ["285,144", "326,144", "326,151", "285,151"]}, {"word": "MODESTMODEST", "bbox": ["100,167", "168,166", "168,170", "100,171"]}, {"word": "MOUNE", "bbox": ["101,171", "130,170", "130,175", "101,176"]}, {"word": "NIN", "bbox": ["364,161", "395,161", "395,171", "364,171"]}, {"word": "MOUSE", "bbox": ["141,171", "164,171", "164,175", "141,175"]}, {"word": "FRACTUR", "bbox": ["216,178", "243,177", "243,184", "216,185"]}, {"word": "AI", "bbox": ["251,178", "278,177", "278,183", "251,184"]}, {"word": "ALL", "bbox": ["403,186", "418,186", "418,189", "403,189"]}, {"word": "IN", "bbox": ["421,186", "427,186", "427,189", "421,189"]}]