[{"word": "21.99", "bbox": ["41,131", "61,131", "61,141", "41,141"]}, {"word": "S21121.", "bbox": ["213,138", "265,142", "264,151", "212,147"]}, {"word": "LICHNAYA", "bbox": ["27,167", "94,167", "94,184", "27,184"]}, {"word": "STOLICHNAYA", "bbox": ["102,167", "187,167", "187,184", "102,184"]}, {"word": "STOLICHNAYE", "bbox": ["201,167", "295,167", "295,185", "201,185"]}, {"word": "STOLICHNA", "bbox": ["297,167", "364,167", "364,184", "297,184"]}, {"word": "STOLICHNAY", "bbox": ["402,164", "474,164", "474,181", "402,181"]}, {"word": "Vanil", "bbox": ["110,249", "166,225", "177,251", "121,275"]}, {"word": "Sol", "bbox": ["208,230", "258,214", "268,243", "217,260"]}, {"word": "MPORTED", "bbox": ["420,197", "444,197", "444,202", "420,202"]}, {"word": "RUSS", "bbox": ["447,197", "460,197", "460,202", "447,202"]}, {"word": "Reghers", "bbox": ["23,256", "84,226", "98,254", "37,284"]}, {"word": "Ohranf", "bbox": ["219,255", "264,233", "275,256", "230,278"]}, {"word": "Cie", "bbox": ["313,250", "363,221", "375,241", "325,270"]}, {"word": "Stolichnay", "bbox": ["392,241", "470,214", "478,235", "400,263"]}, {"word": "vodca", "bbox": ["419,257", "457,240", "461,249", "423,266"]}, {"word": "HRY", "bbox": ["39,313", "57,312", "58,321", "40,322"]}, {"word": "FLAVORED", "bbox": ["66,311", "100,309", "101,319", "67,321"]}, {"word": "IAN", "bbox": ["40,319", "58,318", "58,326", "40,327"]}, {"word": "VODKA", "bbox": ["61,318", "89,317", "89,325", "61,326"]}, {"word": "NILLA", "bbox": ["119,308", "143,312", "141,320", "118,316"]}, {"word": "FLODKED", "bbox": ["0,0", "128,-25", "195,318", "67,343"]}, {"word": "OSSIAN", "bbox": ["117,315", "155,320", "153,328", "116,323"]}, {"word": "BANGE", "bbox": ["204,311", "238,311", "238,321", "204,321"]}, {"word": "FLAV", "bbox": ["244,311", "277,311", "277,321", "244,321"]}, {"word": "HUSSIAN", "bbox": ["209,318", "250,316", "250,325", "209,327"]}, {"word": "VOD", "bbox": ["252,318", "272,317", "272,324", "252,325"]}, {"word": "CITRUS", "bbox": ["297,310", "332,309", "332,318", "297,319"]}, {"word": "FLAV", "bbox": ["337,309", "365,308", "365,317", "337,318"]}, {"word": "HUSSIAN", "bbox": ["298,319", "346,315", "347,324", "299,328"]}, {"word": "VOa", "bbox": ["348,315", "368,313", "369,322", "349,324"]}, {"word": "RUSSIAN", "bbox": ["390,312", "444,311", "444,328", "390,329"]}, {"word": "VOD", "bbox": ["446,310", "462,310", "462,328", "446,328"]}]