[{"word": "ABSINTA", "bbox": ["59,37", "91,40", "90,51", "58,48"]}, {"word": "RAGAR", "bbox": ["326,65", "348,68", "347,76", "325,73"]}, {"word": "ARDX", "bbox": ["283,69", "302,70", "302,79", "283,78"]}, {"word": "BACARI", "bbox": ["373,76", "404,77", "404,83", "373,82"]}, {"word": "BACAR", "bbox": ["445,77", "465,77", "465,83", "445,83"]}, {"word": "INMG", "bbox": ["196,91", "225,92", "225,102", "196,101"]}, {"word": "SIERRA", "bbox": ["437,269", "467,270", "466,282", "436,281"]}, {"word": "SIERRA", "bbox": ["391,275", "422,276", "422,285", "391,284"]}, {"word": "DANZKA", "bbox": ["121,283", "155,281", "155,290", "121,292"]}, {"word": "FINLAN", "bbox": ["244,320", "267,319", "267,329", "244,330"]}]