[{"word": "AMENOI", "bbox": ["458,0", "499,0", "499,10", "458,10"]}, {"word": "DE", "bbox": ["460,16", "471,16", "471,26", "460,26"]}, {"word": "18", "bbox": ["474,16", "484,16", "484,26", "474,26"]}, {"word": "AN", "bbox": ["488,15", "499,15", "499,26", "488,26"]}, {"word": "ATTE", "bbox": ["470,29", "493,30", "493,41", "470,40"]}, {"word": "LA", "bbox": ["458,39", "470,40", "469,52", "457,51"]}, {"word": "CONC", "bbox": ["472,39", "499,41", "498,55", "471,53"]}, {"word": "Ladatel", "bbox": ["401,12", "423,12", "423,19", "401,19"]}, {"word": "EIGE", "bbox": ["50,41", "77,31", "80,37", "53,48"]}, {"word": "BiENVENIDo,", "bbox": ["22,50", "73,47", "73,54", "22,57"]}, {"word": "GRACIAS", "bbox": ["74,49", "108,47", "108,51", "74,53"]}, {"word": "Pon", "bbox": ["32,59", "47,58", "47,61", "32,62"]}, {"word": "SU", "bbox": ["49,58", "57,58", "57,61", "49,61"]}, {"word": "C", "bbox": ["61,56", "72,55", "72,59", "61,60"]}, {"word": "OMPRA", "bbox": ["74,56", "94,55", "94,59", "74,60"]}, {"word": "Corona", "bbox": ["112,29", "191,21", "193,46", "115,54"]}, {"word": "o", "bbox": ["200,20", "224,18", "227,44", "203,47"]}, {"word": "Ex", "bbox": ["213,35", "223,35", "223,43", "213,43"]}, {"word": "FS15.00", "bbox": ["114,160", "150,159", "150,170", "114,171"]}, {"word": "Coca-Ce", "bbox": ["89,322", "154,323", "154,334", "89,333"]}]