[{"word": "SA", "bbox": ["254,24", "313,32", "311,48", "252,40"]}, {"word": "JOYERN", "bbox": ["336,32", "372,41", "369,52", "333,43"]}, {"word": "EMPE\u00d1OS", "bbox": ["209,45", "253,46", "253,57", "209,56"]}, {"word": "PAWN", "bbox": ["250,86", "390,84", "391,118", "251,120"]}, {"word": "SHG", "bbox": ["422,83", "498,82", "499,116", "423,117"]}, {"word": "MAISON", "bbox": ["303,114", "361,113", "361,125", "303,126"]}, {"word": "D'AFFAIRES", "bbox": ["375,112", "458,110", "458,123", "375,125"]}, {"word": "ELECTRONICS", "bbox": ["255,130", "344,128", "344,139", "255,141"]}, {"word": "*", "bbox": ["348,128", "358,128", "358,139", "348,139"]}, {"word": "JEWELRY", "bbox": ["364,128", "420,127", "420,139", "364,140"]}, {"word": "STORE", "bbox": ["426,127", "460,126", "460,137", "426,138"]}, {"word": "BU", "bbox": ["486,128", "499,128", "499,137", "486,137"]}, {"word": "QUICK", "bbox": ["324,144", "381,143", "381,157", "324,158"]}, {"word": "CASH", "bbox": ["391,144", "436,143", "436,154", "391,155"]}, {"word": "INC.", "bbox": ["446,144", "476,144", "476,155", "446,155"]}, {"word": "3231", "bbox": ["402,163", "428,163", "428,174", "402,174"]}, {"word": "PARKING", "bbox": ["156,140", "198,137", "199,147", "157,150"]}, {"word": "CASH", "bbox": ["27,147", "131,142", "133,179", "29,184"]}, {"word": "DIAMONDS", "bbox": ["225,149", "286,146", "286,155", "225,158"]}, {"word": "IN", "bbox": ["161,161", "172,160", "172,169", "161,170"]}, {"word": "REAR", "bbox": ["174,161", "193,160", "193,167", "174,168"]}, {"word": "PH:", "bbox": ["279,163", "297,163", "297,170", "279,170"]}, {"word": "305-576-os00", "bbox": ["304,162", "386,160", "386,168", "304,170"]}, {"word": "FAX:", "bbox": ["445,160", "469,160", "469,167", "445,167"]}, {"word": "305-5", "bbox": ["475,160", "499,160", "499,167", "475,167"]}, {"word": "GOLD", "bbox": ["235,165", "263,164", "263,171", "235,172"]}, {"word": "BUY", "bbox": ["362,182", "391,183", "391,193", "362,192"]}, {"word": "SELL", "bbox": ["438,182", "459,182", "459,192", "438,192"]}, {"word": "LEC", "bbox": ["485,182", "499,183", "498,193", "484,192"]}, {"word": "EMPE\u00d1OS", "bbox": ["77,193", "156,189", "157,207", "78,211"]}, {"word": "toan", "bbox": ["329,193", "320,193", "320,189", "329,189"]}, {"word": "PAWN", "bbox": ["391,204", "412,204", "412,210", "391,210"]}, {"word": "SHOP", "bbox": ["416,204", "432,204", "432,210", "416,210"]}, {"word": "PAWN", "bbox": ["45,216", "112,213", "113,236", "46,239"]}, {"word": "SHOP", "bbox": ["126,213", "192,210", "193,234", "127,237"]}, {"word": "MRKING", "bbox": ["69,239", "116,237", "117,253", "70,255"]}, {"word": "IN", "bbox": ["121,240", "132,240", "132,251", "121,251"]}, {"word": "REAR", "bbox": ["139,238", "175,237", "175,249", "139,250"]}, {"word": "DIA", "bbox": ["489,269", "499,269", "499,278", "489,278"]}, {"word": "JEWELRY", "bbox": ["234,272", "285,271", "285,287", "234,288"]}, {"word": "BIJOUX", "bbox": ["293,271", "344,270", "344,286", "293,287"]}]