[{"word": "TITLE", "bbox": ["45,72", "118,66", "120,96", "47,102"]}, {"word": "PAWN", "bbox": ["51,103", "122,98", "124,124", "53,129"]}, {"word": "JACKSON", "bbox": ["325,88", "401,83", "401,92", "326,97"]}, {"word": "PAWN", "bbox": ["308,99", "410,94", "411,113", "309,118"]}, {"word": "0", "bbox": ["38,146", "48,146", "48,167", "38,167"]}, {"word": "INTEREST", "bbox": ["54,145", "103,144", "103,166", "54,167"]}, {"word": "\"HOCK", "bbox": ["273,213", "304,213", "304,220", "273,220"]}, {"word": "IT", "bbox": ["312,213", "322,213", "322,221", "312,221"]}, {"word": "TO", "bbox": ["329,213", "344,213", "344,220", "329,220"]}, {"word": "ME\"", "bbox": ["353,212", "379,212", "379,220", "353,220"]}, {"word": "CAR", "bbox": ["181,225", "234,226", "233,245", "180,244"]}, {"word": "0%", "bbox": ["116,240", "152,237", "154,258", "118,261"]}, {"word": "TITLER", "bbox": ["176,249", "232,250", "232,269", "176,268"]}, {"word": "INTEREST", "bbox": ["123,260", "162,260", "162,272", "123,272"]}, {"word": "PAW", "bbox": ["167,273", "214,273", "214,291", "167,291"]}, {"word": "DIRECTV", "bbox": ["289,276", "323,277", "323,283", "289,282"]}, {"word": "REPAIR", "bbox": ["422,276", "447,275", "447,283", "422,284"]}, {"word": "HOME", "bbox": ["440,276", "466,275", "466,283", "440,284"]}, {"word": "PHONE", "bbox": ["449,286", "468,286", "468,295", "449,295"]}, {"word": "SERVICE", "bbox": ["447,297", "466,297", "466,306", "447,306"]}]