[{"word": "RALEWIN", "bbox": ["91,97", "123,97", "123,103", "91,103"]}, {"word": "1.8", "bbox": ["141,107", "199,107", "199,155", "141,155"]}, {"word": "PLACE", "bbox": ["95,128", "120,128", "120,135", "95,135"]}, {"word": "KM", "bbox": ["204,125", "225,125", "225,135", "204,135"]}, {"word": "BALDWIN", "bbox": ["39,169", "66,169", "66,179", "39,179"]}, {"word": "842-3388", "bbox": ["172,178", "232,177", "232,186", "172,187"]}, {"word": "S", "bbox": ["56,191", "77,191", "77,210", "56,210"]}, {"word": "NEEDFUL", "bbox": ["77,192", "200,189", "200,206", "77,209"]}, {"word": "PA", "bbox": ["78,213", "104,213", "104,220", "78,220"]}, {"word": "W", "bbox": ["133,211", "137,211", "137,221", "133,221"]}, {"word": "N", "bbox": ["159,211", "166,211", "166,221", "159,221"]}, {"word": "BR", "bbox": ["184,212", "211,212", "211,219", "184,219"]}, {"word": "OK", "bbox": ["229,211", "257,211", "257,218", "229,218"]}, {"word": "E", "bbox": ["276,211", "280,211", "280,218", "276,218"]}, {"word": "RS", "bbox": ["298,210", "325,210", "325,217", "298,217"]}, {"word": "THINGS", "bbox": ["230,192", "326,191", "326,205", "230,206"]}, {"word": "Come", "bbox": ["171,281", "187,281", "187,287", "171,287"]}, {"word": "in", "bbox": ["190,282", "195,282", "195,286", "190,286"]}, {"word": "we're", "bbox": ["197,281", "210,281", "210,287", "197,287"]}, {"word": "OPEN", "bbox": ["171,288", "209,288", "209,306", "171,306"]}, {"word": "TEE", "bbox": ["272,329", "286,329", "286,335", "272,335"]}, {"word": "MOVIES", "bbox": ["248,392", "326,392", "326,410", "248,410"]}]