[{"word": "PAWNAMANIA", "bbox": ["65,99", "261,107", "259,149", "63,141"]}, {"word": "PAW", "bbox": ["265,111", "323,113", "321,152", "263,150"]}, {"word": "S", "bbox": ["350,111", "368,112", "366,154", "348,153"]}, {"word": "HOP", "bbox": ["371,112", "404,113", "402,155", "369,154"]}, {"word": "-", "bbox": ["8,138", "35,139", "34,178", "7,177"]}, {"word": "VACULM", "bbox": ["76,141", "189,143", "188,183", "75,181"]}, {"word": "PARTS", "bbox": ["206,142", "287,144", "286,184", "205,182"]}, {"word": "I", "bbox": ["312,145", "337,146", "336,185", "311,184"]}, {"word": "TARS", "bbox": ["339,145", "393,146", "392,186", "338,185"]}, {"word": "APPLIANCES", "bbox": ["76,174", "237,176", "236,216", "75,214"]}, {"word": "VD", "bbox": ["262,177", "303,178", "302,217", "261,216"]}, {"word": "TVS", "bbox": ["316,177", "377,178", "376,218", "315,217"]}, {"word": "STEREOS", "bbox": ["72,215", "180,215", "180,257", "72,257"]}, {"word": "TOOL", "bbox": ["198,215", "266,215", "266,257", "198,257"]}, {"word": "SWORDS", "bbox": ["288,215", "389,215", "389,252", "288,252"]}, {"word": "785", "bbox": ["116,252", "164,252", "164,293", "116,293"]}, {"word": "240DD", "bbox": ["181,252", "269,253", "269,294", "181,293"]}, {"word": "N", "bbox": ["300,254", "360,255", "360,295", "300,294"]}]