[{"word": "CL", "bbox": ["62,168", "103,169", "103,190", "62,189"]}, {"word": "F&D", "bbox": ["133,158", "205,159", "204,191", "132,190"]}, {"word": "PAWNBROKERS.-", "bbox": ["218,159", "461,163", "460,195", "217,191"]}, {"word": "CASH", "bbox": ["182,205", "310,208", "309,240", "181,237"]}, {"word": "LOANS", "bbox": ["315,209", "473,212", "472,242", "314,239"]}, {"word": "A", "bbox": ["87,230", "107,230", "107,251", "87,251"]}, {"word": "SECOND", "bbox": ["157,264", "204,265", "204,279", "157,278"]}, {"word": "HAND", "bbox": ["208,266", "240,266", "240,282", "208,282"]}, {"word": "GOLD", "bbox": ["245,266", "276,266", "276,280", "245,280"]}, {"word": "&DIAMOND", "bbox": ["281,266", "348,267", "348,282", "281,281"]}, {"word": "JEWELRY", "bbox": ["355,268", "402,269", "402,283", "355,282"]}, {"word": "AT", "bbox": ["409,269", "422,269", "422,283", "409,283"]}, {"word": "LOW", "bbox": ["427,267", "450,267", "450,285", "427,285"]}, {"word": "PS", "bbox": ["452,267", "494,268", "494,286", "452,285"]}]