[{"word": "BRADFORD", "bbox": ["115,85", "254,77", "255,98", "116,106"]}, {"word": "GUN", "bbox": ["267,77", "320,74", "321,93", "268,96"]}, {"word": "&", "bbox": ["332,73", "350,72", "351,91", "333,92"]}, {"word": "PAWN", "bbox": ["363,70", "438,66", "439,86", "364,90"]}, {"word": "GUNS&", "bbox": ["164,106", "421,102", "422,171", "165,175"]}, {"word": "JEWEL", "bbox": ["126,165", "343,172", "341,233", "124,226"]}, {"word": "LRY", "bbox": ["328,170", "441,167", "442,217", "329,220"]}, {"word": "GUITARS", "bbox": ["147,352", "240,347", "242,388", "149,393"]}, {"word": "SWE", "bbox": ["1,392", "59,390", "60,429", "2,431"]}, {"word": "BUY", "bbox": ["62,389", "101,388", "103,427", "64,429"]}, {"word": "GOLD!", "bbox": ["104,388", "171,385", "172,424", "105,427"]}, {"word": "SEO", "bbox": ["1,432", "93,427", "95,466", "3,471"]}, {"word": "AMMG", "bbox": ["110,425", "185,421", "187,461", "112,465"]}, {"word": "UHAU", "bbox": ["430,423", "467,419", "468,429", "431,433"]}]