[{"word": "PAWN", "bbox": ["292,79", "371,77", "372,103", "293,105"]}, {"word": "SHOP", "bbox": ["390,76", "473,74", "474,104", "391,106"]}, {"word": "y", "bbox": ["1,128", "21,128", "21,140", "1,140"]}, {"word": "&", "bbox": ["26,126", "30,126", "30,142", "26,142"]}, {"word": "LOAN", "bbox": ["29,128", "68,128", "68,140", "29,140"]}, {"word": "Fast", "bbox": ["294,135", "327,135", "327,151", "294,151"]}, {"word": "Cash", "bbox": ["331,135", "357,135", "357,149", "331,149"]}, {"word": "FoR", "bbox": ["367,136", "384,136", "384,148", "367,148"]}, {"word": "Fast", "bbox": ["392,136", "417,136", "417,148", "392,148"]}, {"word": "TIMES!", "bbox": ["426,136", "463,136", "463,148", "426,148"]}, {"word": "WE", "bbox": ["24,146", "38,146", "38,153", "24,153"]}, {"word": "BUY", "bbox": ["46,146", "65,146", "65,153", "46,153"]}, {"word": "GOLD", "bbox": ["22,155", "64,155", "64,170", "22,170"]}, {"word": "Jawn", "bbox": ["107,187", "153,187", "153,207", "107,207"]}, {"word": "Hawn", "bbox": ["156,187", "201,187", "201,207", "156,207"]}, {"word": "Nhop", "bbox": ["105,212", "158,210", "159,229", "106,231"]}, {"word": "Shob", "bbox": ["160,209", "198,207", "199,227", "161,229"]}, {"word": "PAWN", "bbox": ["358,184", "400,183", "400,198", "358,199"]}, {"word": "SROP", "bbox": ["358,197", "400,197", "400,214", "358,214"]}, {"word": "5,", "bbox": ["429,174", "446,175", "445,189", "428,188"]}, {"word": "2.", "bbox": ["444,186", "460,191", "457,202", "440,197"]}, {"word": "3", "bbox": ["450,197", "464,199", "462,211", "448,209"]}, {"word": "371\u00b7", "bbox": ["8,190", "26,190", "26,197", "8,197"]}, {"word": "GEMS", "bbox": ["31,190", "56,190", "56,197", "31,197"]}, {"word": "TRADE", "bbox": ["12,201", "44,201", "44,211", "12,211"]}, {"word": "LEande", "bbox": ["97,246", "152,232", "158,255", "103,269"]}, {"word": "Entande", "bbox": ["148,248", "200,234", "206,256", "154,270"]}, {"word": "MON", "bbox": ["310,241", "322,241", "322,244", "310,244"]}, {"word": "E", "bbox": ["324,241", "333,241", "333,246", "324,246"]}, {"word": "SAT", "bbox": ["313,251", "326,251", "326,256", "313,256"]}, {"word": "ENTER", "bbox": ["433,268", "454,268", "454,273", "433,273"]}, {"word": "CON", "bbox": ["129,296", "149,296", "149,303", "129,303"]}, {"word": "SHOP", "bbox": ["154,296", "171,296", "171,303", "154,303"]}]