[{"word": "PET", "bbox": ["215,196", "266,203", "263,220", "213,213"]}, {"word": "SHOP", "bbox": ["270,203", "322,210", "319,227", "268,220"]}, {"word": "PETSHOP", "bbox": ["245,247", "286,250", "285,262", "244,259"]}, {"word": "Atina", "bbox": ["130,357", "161,357", "161,367", "130,367"]}, {"word": "AM10:00-PM11:00", "bbox": ["166,356", "254,357", "254,370", "166,369"]}, {"word": "TEL", "bbox": ["264,358", "279,358", "279,370", "264,370"]}, {"word": "03-3833-2111", "bbox": ["282,358", "340,359", "340,372", "282,371"]}, {"word": "\u67e5", "bbox": ["5,441", "24,443", "19,483", "0,481"]}]