[{"word": "\u6046", "bbox": ["57,60", "104,59", "105,107", "58,108"]}, {"word": "\u767c", "bbox": ["120,59", "173,58", "174,109", "121,110"]}, {"word": "\u7576", "bbox": ["189,57", "235,56", "236,107", "190,108"]}, {"word": "HENG", "bbox": ["253,64", "341,62", "342,92", "254,94"]}, {"word": "FATT", "bbox": ["363,65", "442,63", "443,91", "364,93"]}, {"word": "PAWNSHOP", "bbox": ["255,110", "355,111", "355,126", "255,125"]}, {"word": "PTE", "bbox": ["365,111", "398,111", "398,126", "365,126"]}, {"word": "LTD", "bbox": ["407,111", "440,111", "440,126", "407,126"]}, {"word": "\u79c1\u4eba", "bbox": ["47,116", "112,117", "112,139", "47,138"]}, {"word": "\u6709\u9650\u516c\u53f8", "bbox": ["114,116", "223,117", "223,140", "114,139"]}, {"word": "\u0b8e\u0b99\u0bcd", "bbox": ["60,154", "85,154", "85,165", "60,165"]}, {"word": "\u0bb5\u0bbe\u0b9f\u0bcd", "bbox": ["93,154", "123,154", "123,165", "93,165"]}, {"word": "\u0baa\u0bbe\u0b9a\u0bbe\u0b95\u0bcd", "bbox": ["131,154", "181,155", "181,167", "131,166"]}, {"word": "\u0b95\u0b9f\u0bc8", "bbox": ["188,158", "227,159", "227,167", "188,166"]}, {"word": "KEDAI", "bbox": ["253,156", "284,156", "284,166", "253,166"]}, {"word": "PAJAK", "bbox": ["292,156", "325,156", "325,166", "292,166"]}, {"word": "GADAI", "bbox": ["334,156", "368,156", "368,166", "334,166"]}, {"word": "HENG", "bbox": ["376,157", "406,157", "406,167", "376,167"]}, {"word": "FATT", "bbox": ["411,154", "438,154", "438,170", "411,170"]}, {"word": "255", "bbox": ["440,170", "451,170", "451,174", "440,174"]}, {"word": "\u6052", "bbox": ["78,246", "111,246", "111,265", "78,265"]}, {"word": "\u767c", "bbox": ["113,246", "141,246", "141,265", "113,265"]}, {"word": "\u7576", "bbox": ["146,247", "164,247", "164,266", "146,266"]}, {"word": "HENG", "bbox": ["191,251", "239,251", "239,264", "191,264"]}, {"word": "FATT", "bbox": ["247,251", "289,251", "289,264", "247,264"]}, {"word": "PAWNSHOP", "bbox": ["297,251", "398,251", "398,265", "297,265"]}]