[{"word": "Cahuenga", "bbox": ["168,79", "211,84", "208,102", "166,97"]}, {"word": "MONEY", "bbox": ["325,137", "373,141", "370,168", "322,164"]}, {"word": "TO", "bbox": ["377,146", "390,147", "388,167", "375,166"]}, {"word": "LORN", "bbox": ["398,143", "432,146", "429,174", "395,171"]}, {"word": "BUY-SELL-TRADE", "bbox": ["330,164", "421,171", "419,197", "328,190"]}, {"word": "HR", "bbox": ["30,152", "52,150", "54,166", "32,168"]}, {"word": "THERS", "bbox": ["55,149", "90,145", "91,160", "57,164"]}, {"word": "COLLATERAL", "bbox": ["95,145", "163,138", "164,154", "97,161"]}, {"word": "CASH", "bbox": ["27,167", "85,162", "88,198", "30,203"]}, {"word": "LOANS", "bbox": ["93,161", "164,155", "167,191", "96,197"]}, {"word": "LOANS", "bbox": ["217,162", "279,162", "279,191", "217,191"]}, {"word": "GOLD", "bbox": ["40,219", "57,218", "57,229", "40,230"]}, {"word": "SILVER", "bbox": ["61,219", "83,218", "83,228", "61,229"]}, {"word": "DIAMONDS", "bbox": ["88,217", "129,215", "129,226", "88,228"]}, {"word": "COINS", "bbox": ["135,217", "159,216", "159,223", "135,224"]}, {"word": "PAWNBROKERS", "bbox": ["220,213", "278,213", "278,224", "220,224"]}, {"word": "PROPS", "bbox": ["335,213", "363,214", "363,223", "335,222"]}, {"word": "CAMERAS", "bbox": ["368,215", "401,216", "401,223", "368,222"]}, {"word": "TOOLS", "bbox": ["404,216", "430,217", "430,224", "404,223"]}, {"word": "TUNINTS", "bbox": ["5,221", "29,220", "29,225", "5,226"]}, {"word": "GUITAR", "bbox": ["475,219", "490,219", "490,225", "475,225"]}, {"word": "AM", "bbox": ["492,220", "499,220", "499,225", "492,225"]}, {"word": "DPEN", "bbox": ["235,243", "256,242", "256,253", "235,254"]}, {"word": "TEREO", "bbox": ["350,241", "373,241", "373,251", "350,251"]}, {"word": "MAS", "bbox": ["384,241", "406,241", "406,252", "384,252"]}]