[{"word": "ESLEY", "bbox": ["676,0", "695,1", "695,8", "676,7"]}, {"word": "EANLYS", "bbox": ["27,125", "75,123", "76,140", "28,142"]}, {"word": "PAWN", "bbox": ["85,122", "140,120", "141,139", "86,141"]}, {"word": "SA", "bbox": ["183,117", "219,116", "220,138", "184,139"]}, {"word": "Haney's", "bbox": ["183,136", "428,135", "428,210", "183,211"]}, {"word": "Pawn", "bbox": ["448,141", "612,140", "612,189", "448,190"]}, {"word": "Shop", "bbox": ["631,139", "777,138", "777,207", "631,208"]}, {"word": "wely", "bbox": ["1,161", "19,161", "19,171", "1,171"]}, {"word": "BUY", "bbox": ["138,165", "154,165", "154,175", "138,175"]}]