[{"word": "lamton.", "bbox": ["91,73", "147,75", "146,95", "90,93"]}, {"word": "tineo", "bbox": ["149,76", "184,78", "183,97", "148,95"]}, {"word": "Dal", "bbox": ["312,73", "341,77", "338,95", "310,92"]}, {"word": "llano", "bbox": ["346,77", "390,83", "387,102", "343,97"]}, {"word": "FLATS", "bbox": ["276,94", "309,95", "308,112", "275,111"]}, {"word": "$8", "bbox": ["286,120", "302,120", "302,133", "286,133"]}, {"word": "Aemos", "bbox": ["91,121", "137,121", "137,142", "91,142"]}, {"word": "tumar", "bbox": ["146,120", "184,120", "184,141", "146,141"]}, {"word": "REPAIR", "bbox": ["281,142", "311,142", "311,157", "281,157"]}]