[{"word": "A", "bbox": ["82,156", "94,156", "94,172", "82,172"]}, {"word": "MINUTE", "bbox": ["105,155", "160,154", "160,171", "105,172"]}, {"word": "MAN", "bbox": ["187,154", "216,154", "216,171", "187,171"]}, {"word": "SHOE", "bbox": ["55,172", "128,171", "128,201", "55,202"]}, {"word": "REPAIR", "bbox": ["136,171", "229,170", "229,201", "136,202"]}, {"word": "MARGO", "bbox": ["8,265", "85,280", "76,323", "-1,308"]}, {"word": "SALON", "bbox": ["149,305", "185,305", "185,314", "149,314"]}, {"word": "EFINESSE", "bbox": ["149,315", "202,314", "202,323", "149,324"]}, {"word": "pot", "bbox": ["1,399", "24,396", "28,423", "5,426"]}, {"word": "&", "bbox": ["39,405", "39,405", "39,405", "39,405"]}, {"word": "Shoe", "bbox": ["40,394", "79,389", "83,417", "44,423"]}, {"word": "Maker", "bbox": ["1,430", "52,421", "58,451", "7,460"]}]