[{"word": "BUCKHORN", "bbox": ["175,90", "397,97", "396,136", "174,129"]}, {"word": "STEAKH", "bbox": ["210,137", "297,138", "297,147", "210,146"]}, {"word": "OUSE", "bbox": ["322,138", "363,138", "363,148", "322,148"]}, {"word": "MAIN", "bbox": ["215,152", "243,152", "243,158", "215,158"]}, {"word": "STREET", "bbox": ["251,152", "296,152", "296,159", "251,159"]}, {"word": "WINTERS", "bbox": ["303,152", "358,153", "358,160", "303,159"]}, {"word": "IHISS", "bbox": ["230,167", "264,168", "264,176", "230,175"]}, {"word": "\u00a92007", "bbox": ["317,333", "348,333", "348,339", "317,339"]}, {"word": "michaelpoulinaverizon.net", "bbox": ["353,332", "489,332", "489,341", "353,341"]}]