[{"word": "TOB", "bbox": ["282,97", "304,98", "304,107", "282,106"]}, {"word": "ACCO", "bbox": ["311,95", "346,96", "346,107", "311,106"]}, {"word": "STOREIS", "bbox": ["353,97", "401,99", "400,113", "352,111"]}, {"word": "HERE", "bbox": ["405,99", "433,100", "432,114", "404,113"]}, {"word": "iwi", "bbox": ["214,115", "246,116", "245,132", "213,131"]}, {"word": "CIGARS", "bbox": ["26,143", "72,143", "72,154", "26,154"]}, {"word": "PERMT", "bbox": ["417,290", "441,288", "441,293", "417,295"]}, {"word": "COFFEE", "bbox": ["253,295", "311,300", "309,318", "251,313"]}, {"word": "WARNING", "bbox": ["417,302", "439,301", "439,308", "417,309"]}, {"word": "BRE", "bbox": ["63,234", "63,258", "57,258", "57,234"]}]