[{"word": "LEAVIT", "bbox": ["5,148", "149,108", "158,144", "15,184"]}, {"word": "&", "bbox": ["201,96", "234,87", "241,113", "208,122"]}, {"word": "PEIROE", "bbox": ["254,81", "489,16", "498,49", "263,114"]}, {"word": "FAMOUS", "bbox": ["338,135", "402,122", "404,133", "340,146"]}, {"word": "D.F", "bbox": ["474,121", "499,121", "499,131", "474,131"]}, {"word": "MIXT", "bbox": ["475,139", "499,139", "499,146", "475,146"]}, {"word": "A", "bbox": ["33,206", "45,202", "51,220", "39,224"]}, {"word": "SMOKING", "bbox": ["44,203", "103,190", "105,203", "47,216"]}, {"word": "EHRLICH", "bbox": ["313,162", "431,140", "435,164", "317,186"]}, {"word": "TOBACC", "bbox": ["38,224", "102,212", "105,227", "41,239"]}, {"word": "TS-TOBACCO-GAMES", "bbox": ["1,236", "490,161", "499,216", "9,291"]}, {"word": "CIGARS", "bbox": ["122,299", "166,308", "163,325", "118,316"]}]