[{"word": "CRANBOURN", "bbox": ["55,33", "222,30", "223,58", "56,61"]}, {"word": "NEWS", "bbox": ["239,31", "317,29", "318,55", "240,57"]}, {"word": "TOBACCONIST", "bbox": ["80,66", "186,64", "186,76", "80,78"]}, {"word": "-", "bbox": ["190,61", "197,61", "197,77", "190,77"]}, {"word": "MAGAZINES", "bbox": ["200,64", "291,62", "291,75", "200,77"]}, {"word": "CONFECTIONERS", "bbox": ["53,82", "177,79", "177,91", "53,94"]}, {"word": "-", "bbox": ["183,77", "190,77", "190,93", "183,93"]}, {"word": "GENERAL", "bbox": ["191,80", "263,79", "263,90", "191,91"]}, {"word": "STORE", "bbox": ["268,78", "318,77", "318,89", "268,90"]}, {"word": "t", "bbox": ["109,202", "113,202", "113,208", "109,208"]}, {"word": "Lonon", "bbox": ["138,201", "153,201", "153,207", "138,207"]}, {"word": "Ato", "bbox": ["155,201", "163,201", "163,207", "155,207"]}, {"word": "Z", "bbox": ["165,201", "166,201", "166,207", "165,207"]}, {"word": "P's", "bbox": ["176,200", "193,200", "193,206", "176,206"]}, {"word": "Phene", "bbox": ["107,209", "118,209", "118,214", "107,214"]}, {"word": "Carts", "bbox": ["121,209", "131,209", "131,214", "121,214"]}, {"word": "Canra's", "bbox": ["171,217", "198,218", "198,223", "171,222"]}, {"word": "LONDON", "bbox": ["10,235", "29,235", "29,240", "10,240"]}, {"word": "BEST", "bbox": ["32,235", "42,235", "42,241", "32,241"]}, {"word": "hSH", "bbox": ["10,243", "21,243", "21,248", "10,248"]}, {"word": "&", "bbox": ["23,244", "26,244", "26,249", "23,249"]}, {"word": "CHPS", "bbox": ["28,243", "41,243", "41,249", "28,249"]}, {"word": "MAR", "bbox": ["293,373", "310,375", "307,392", "291,390"]}, {"word": "1IN", "bbox": ["117,383", "131,384", "131,389", "117,388"]}, {"word": "CARDE", "bbox": ["133,384", "145,385", "145,390", "133,389"]}, {"word": "eterdional", "bbox": ["116,395", "147,397", "146,406", "116,404"]}, {"word": "o", "bbox": ["118,409", "131,409", "131,417", "118,417"]}, {"word": "Cards", "bbox": ["134,409", "146,409", "146,417", "134,417"]}]