[{"word": "ON", "bbox": ["28,186", "52,162", "62,172", "38,196"]}, {"word": "9.AM", "bbox": ["56,158", "74,142", "83,153", "65,169"]}, {"word": "TILL", "bbox": ["84,135", "104,122", "112,134", "92,148"]}, {"word": "12.PM", "bbox": ["110,119", "134,106", "141,119", "117,132"]}, {"word": "7", "bbox": ["58,175", "64,171", "73,183", "67,187"]}, {"word": "DAYS", "bbox": ["65,170", "81,158", "91,170", "75,183"]}, {"word": "A", "bbox": ["85,156", "90,152", "96,161", "92,165"]}, {"word": "WEEK", "bbox": ["95,149", "119,131", "127,142", "104,160"]}, {"word": "CREDIT", "bbox": ["249,96", "276,103", "272,118", "245,112"]}, {"word": "CARDS", "bbox": ["286,105", "310,114", "305,129", "280,120"]}, {"word": "AND", "bbox": ["315,118", "331,127", "324,140", "308,131"]}, {"word": "FOREIGN", "bbox": ["340,132", "370,152", "361,165", "332,144"]}, {"word": "CURRENCY", "bbox": ["247,112", "291,131", "283,149", "239,129"]}, {"word": "ACCEPTED", "bbox": ["294,133", "339,153", "332,169", "287,150"]}, {"word": "CART", "bbox": ["355,394", "373,392", "374,402", "356,404"]}, {"word": "CRET", "bbox": ["351,422", "369,422", "369,429", "351,429"]}, {"word": "FORON", "bbox": ["351,429", "373,429", "373,436", "351,436"]}, {"word": "MARAL", "bbox": ["341,486", "368,489", "367,494", "340,491"]}]