[{"word": "\u30df\u3070\u3053", "bbox": ["2,41", "87,45", "84,91", "0,87"]}, {"word": "TOBACGO", "bbox": ["202,52", "382,68", "379,107", "198,91"]}, {"word": "MILD", "bbox": ["464,198", "498,198", "498,209", "464,209"]}, {"word": "SEVE", "bbox": ["460,212", "499,213", "499,226", "460,225"]}, {"word": "\u3060\u3070\u3053", "bbox": ["494,91", "494,184", "470,184", "470,91"]}, {"word": "\u51fa", "bbox": ["496,246", "499,279", "490,280", "487,247"]}, {"word": "\u3042", "bbox": ["482,255", "486,271", "469,274", "465,259"]}, {"word": "SS", "bbox": ["493,304", "499,331", "483,335", "476,308"]}]